layer,k,format,category,position,n,explained_fraction_mean,explained_fraction_median,explained_fraction_std,explained_fraction_q1,explained_fraction_q3,relative_residual_mean,relative_residual_median,relative_residual_std,relative_residual_q1,relative_residual_q3,target_norm_mean,target_norm_median,target_norm_std,target_norm_q1,target_norm_q3,residual_norm_mean,residual_norm_median,residual_norm_std,residual_norm_q1,residual_norm_q3,coefficient_sum_mean,coefficient_sum_median,coefficient_sum_std,coefficient_sum_q1,coefficient_sum_q3,largest_coefficient_mean,largest_coefficient_median,largest_coefficient_std,largest_coefficient_q1,largest_coefficient_q3,largest_coefficient_share_mean,largest_coefficient_share_median,largest_coefficient_share_std,largest_coefficient_share_q1,largest_coefficient_share_q3,herfindahl_mean,herfindahl_median,herfindahl_std,herfindahl_q1,herfindahl_q3,output_token_inclusion_rate,output_token_share_when_present,output_token_top_rate,active_set_size_mean,n_iterations_mean,residual_decrease_relative_mean,stop_reasons
14,10,all,all,all,76,0.0016971081,0.0012325048,0.0011265919,0.00089779496,0.0023037046,0.99915093,0.99938357,0.00056393293,0.99884751,0.99955098,136.95799,139.0692,10.932632,132.59529,143.86948,136.84201,138.88596,10.927949,132.30621,143.75962,97.314971,93.609219,32.997088,70.288412,121.6167,20.656386,18.470301,9.4471962,13.324972,27.345928,0.20952379,0.20437749,0.04916988,0.17261533,0.23760471,0.12855054,0.12500576,0.018105775,0.11695532,0.13614667,0.039473684,0.17564724,0.013157895,9.9473684,10,0.00084907351,max_atoms=76
14,10,chat,all,all,16,0.00081414357,0.00087788701,0.00039412964,0.00040961802,0.0011903644,0.99959283,0.99956095,0.00019713327,0.99940468,0.99979518,129.29727,128.89156,13.23048,116.5961,142.22108,129.24699,128.84002,13.249727,116.52503,142.19296,55.663047,54.811135,7.8458483,50.108753,61.587633,10.670097,10.432582,1.8804181,9.4071789,11.949383,0.19380238,0.18669171,0.035092777,0.1664678,0.22619504,0.12436504,0.12191394,0.012221537,0.1156452,0.13439764,0,,0,10,10,0.00040717232,max_atoms=16
14,10,plain,all,all,60,0.0019325654,0.0015725195,0.0011428495,0.0010427684,0.0027628839,0.99903309,0.99921343,0.00057210526,0.99861759,0.99947847,139.00085,139.0692,9.3420092,134.44989,144.89727,138.86735,138.88596,9.3465356,134.38628,144.70778,108.42215,102.44533,27.793712,88.545843,136.49926,23.319397,20.232959,8.8485956,16.469917,29.075621,0.21371617,0.20961409,0.051723528,0.1747866,0.23891011,0.12966668,0.12548968,0.019306143,0.11773336,0.13993437,0.05,0.17564724,0.016666667,9.9333333,10,0.00096691382,max_atoms=60
14,10,all,all,-2,38,0.0018351298,0.0013046265,0.0010268936,0.0011014342,0.0026117563,0.99908188,0.99934748,0.00051402144,0.99869327,0.99944913,135.02462,137.78489,12.546619,122.71525,144.52185,134.89848,137.65939,12.51269,122.64513,144.36049,101.27576,97.101277,33.151992,70.998406,135.35816,21.576834,18.886276,10.009138,15.01554,27.996822,0.20983189,0.19924753,0.055697353,0.17317214,0.22844338,0.12829368,0.12350822,0.02194313,0.11675089,0.13279927,0,,0,9.9473684,10,0.00091811614,max_atoms=38
14,10,all,all,-1,38,0.0015590865,0.0011805296,0.001216175,0.00067952275,0.0019191206,0.99921997,0.99940956,0.00060879111,0.99903996,0.99966016,138.89137,139.98256,8.785194,134.59265,143.76604,138.78554,139.95328,8.8171157,134.45152,143.69891,93.354179,92.217902,32.798849,69.933298,109.6569,19.735938,18.470301,8.8875248,12.627431,26.686026,0.20921569,0.20662395,0.042406447,0.17175605,0.23805784,0.1288074,0.13096017,0.013522635,0.11829884,0.13619913,0.078947368,0.17564724,0.026315789,9.9473684,10,0.00078003087,max_atoms=38
14,10,all,antonym,all,14,0.0012904448,0.0010581613,0.00093733524,0.00088049471,0.001187101,0.99935447,0.9994708,0.00046917629,0.99940631,0.99955961,142.43877,144.34586,11.766077,140.58543,150.41405,142.34715,144.29851,11.763538,140.51427,150.33743,92.340971,94.037702,29.854544,67.490373,105.64815,20.243479,18.947576,8.4882463,15.19023,28.143953,0.21541511,0.21166472,0.044626013,0.18947166,0.24648659,0.12933006,0.13332446,0.014028153,0.12414533,0.13606324,0,,0,10,10,0.00064553018,max_atoms=14
14,10,all,association,all,12,0.0020156652,0.0018996596,0.0013694936,0.0010771155,0.0023160875,0.99899144,0.99904969,0.00068564295,0.99884133,0.99946129,132.01745,133.66202,9.3730037,127.19213,135.3692,131.88475,133.52119,9.3743736,126.95128,135.21047,104.09279,109.48997,35.664613,72.758604,126.28525,21.405141,19.913552,9.7561786,15.535979,27.617693,0.20324115,0.19617538,0.040453452,0.1747866,0.22366799,0.12451701,0.12351802,0.011599078,0.11898346,0.12899598,0.083333333,0.13139401,0,10,10,0.0010085582,max_atoms=12
14,10,all,counting,all,10,0.0016593754,0.0014160872,0.00077853429,0.001237914,0.0020661503,0.9991699,0.99929172,0.00038960733,0.99896638,0.99938084,142.79155,142.95644,11.328951,137.99163,151.36376,142.67087,142.89651,11.289779,137.89482,151.2196,108.43521,105.32526,35.485568,92.841709,137.71693,22.304765,22.081082,8.5949927,16.055258,27.944582,0.20697203,0.1971573,0.046718675,0.17249882,0.233901,0.12970025,0.1281891,0.016038706,0.11735517,0.14397795,0,,0,10,10,0.00083010538,max_atoms=10
14,10,all,factual,all,16,0.0022084489,0.0019542575,0.0012726204,0.0012660921,0.0032940656,0.99889497,0.99902236,0.00063705798,0.99835156,0.99936676,133.62353,137.81873,8.8649629,128.32344,139.6842,133.47488,137.73042,8.8413181,128.21908,139.51332,105.95766,102.43828,38.701115,82.693021,138.57145,23.152295,21.580084,11.024876,13.711119,31.763319,0.21286031,0.21722926,0.04279189,0.17869631,0.23670172,0.12788273,0.1259649,0.013775455,0.11729366,0.13993437,0.125,0.19777385,0.0625,9.9375,10,0.0011050325,max_atoms=16
14,10,all,multihop,all,12,0.0015610158,0.0012204945,0.0010053717,0.00094474852,0.0018839836,0.99921907,0.99938959,0.00050321259,0.99905752,0.99952753,139.50028,141.55908,9.3915406,135.98692,145.31657,139.38998,141.48759,9.363304,135.90896,145.11792,90.234863,84.456066,29.255899,69.805097,106.33375,20.701735,15.863432,12.100212,13.188363,23.06614,0.22303137,0.22534858,0.077911627,0.16919317,0.24024919,0.13880334,0.13278133,0.032926936,0.12223682,0.14548034,0,,0,9.9166667,10,0.00078093468,max_atoms=12
14,10,all,syntactic,all,12,0.0013387402,0.00083321333,0.0010777583,0.0006980598,0.0014023185,0.99933027,0.99958327,0.00053941768,0.99929856,0.99965091,132.54666,135.9122,11.083196,125.43877,141.3568,132.46078,135.863,11.112015,125.39104,141.3,82.629802,79.635247,24.024118,69.121039,93.369193,15.642481,15.657761,3.9742538,13.018646,18.466362,0.19310342,0.19273794,0.039224406,0.16760319,0.20555573,0.12135417,0.11759052,0.011093168,0.11523386,0.12238269,0,,0,9.8333333,10,0.00066972298,max_atoms=12
14,10,chat,all,-2,8,0.0011887997,0.0011916161,5.8842139e-05,0.0011439472,0.0012253076,0.99940544,0.99940404,2.9434927e-05,0.99938719,0.99942787,116.54566,116.4475,0.78916245,116.06808,117.0459,116.47635,116.37804,0.78650344,116.00012,116.97367,62.613733,61.621386,3.113696,60.683811,65.55814,11.151899,10.681693,1.9771132,10.159568,11.569298,0.17845865,0.17548997,0.032310254,0.16162525,0.18725442,0.11489298,0.1155518,0.0055827733,0.11007031,0.11691042,0,,0,10,10,0.00059457598,max_atoms=8
14,10,chat,all,-1,8,0.0004394874,0.00040820241,9.2551013e-05,0.00039416552,0.00043280423,0.99978022,0.99979588,4.6288126e-05,0.99978356,0.9998029,142.04888,142.30609,1.6761924,140.64309,142.95242,142.01762,142.27771,1.6721244,140.61584,142.92287,48.712361,49.89509,3.4330688,48.485086,50.567121,10.188295,9.8924131,1.7713034,8.8386247,11.949383,0.20914611,0.2125368,0.032509329,0.18387726,0.23647516,0.1338371,0.13489563,0.0091557913,0.12965459,0.1375772,0,,0,10,10,0.00021976866,max_atoms=8
14,10,plain,all,-2,30,0.0020074844,0.0019976795,0.0010948079,0.0010074824,0.002815038,0.9989956,0.99900064,0.00054801169,0.99859148,0.99949612,139.95234,139.69849,9.0207504,135.05793,146.39498,139.81105,139.6369,9.0012712,134.92328,146.16494,111.58564,109.98009,29.624273,90.594247,140.25133,24.356817,21.363889,9.4287143,16.740534,31.283083,0.21819809,0.21338801,0.057983206,0.17668094,0.23617611,0.1318672,0.12461077,0.023325015,0.11885007,0.14136906,0,,0,9.9333333,10,0.0010043935,max_atoms=30
14,10,plain,all,-1,30,0.0018576463,0.0012629926,0.001202926,0.0010477751,0.0021819025,0.99907057,0.99936834,0.0006022224,0.99890846,0.99947597,138.04936,137.67396,9.7112643,134.40162,144.05486,137.92365,137.55718,9.7397303,134.29401,143.86692,105.25866,98.829721,25.948322,88.094627,121.1521,22.281976,19.799786,8.2563824,15.393042,27.944582,0.20923424,0.20662395,0.045158459,0.17175605,0.23960743,0.12746615,0.12699108,0.014290979,0.11625658,0.13580342,0.1,0.17564724,0.033333333,9.9333333,10,0.00092943412,max_atoms=30
14,16,all,all,all,76,0.0017657068,0.0012823939,0.0011664691,0.00093838573,0.0024251342,0.99911659,0.99935859,0.00058391597,0.99878672,0.9995307,136.95799,139.0692,10.932632,132.59529,143.86948,136.83734,138.88338,10.928025,132.29753,143.75591,105.24495,102.65676,36.308605,74.500008,134.22686,18.880067,16.200196,9.3489679,11.891238,25.247294,0.17673774,0.16884481,0.048448343,0.14114652,0.19565504,0.095568395,0.08931897,0.019380951,0.082991188,0.10837134,0.065789474,0.1150629,0.013157895,15.710526,16,0.00088341132,max_atoms=76
14,16,chat,all,all,16,0.00083939731,0.00090375543,0.00041275176,0.00041684508,0.0012223572,0.99958019,0.99954802,0.00020646124,0.99938865,0.99979156,129.29727,128.89156,13.23048,116.5961,142.22108,129.24547,128.83863,13.250782,116.52352,142.19259,58.50518,57.518166,9.4816455,50.417238,67.32592,9.6780331,9.4717731,1.513337,8.4179525,10.970102,0.16891991,0.16491982,0.035196667,0.14943563,0.18013459,0.095634243,0.089096747,0.015445234,0.083812384,0.10887509,0,,0,15.875,16,0.00041980959,max_atoms=16
14,16,plain,all,all,60,0.0020127227,0.0016440451,0.0011796545,0.0010921061,0.0028326511,0.99899296,0.99917763,0.00059055482,0.99858265,0.99945378,139.00085,139.0692,9.3420092,134.44989,144.89727,138.86184,138.88338,9.347149,134.37926,144.7034,117.70889,110.01896,30.042457,96.573376,144.11823,21.333943,17.768921,9.0242215,14.991163,27.52239,0.1788225,0.16943222,0.051457139,0.14085263,0.19762787,0.095550836,0.08931897,0.020416501,0.082991188,0.10770657,0.083333333,0.1150629,0.016666667,15.666667,16,0.0010070384,max_atoms=60
14,16,all,all,-2,38,0.0019036045,0.0013597608,0.001066425,0.0011357218,0.0026813447,0.99904761,0.99931991,0.00053383979,0.9986584,0.99943197,135.02462,137.78489,12.546619,122.71525,144.52185,134.89379,137.65488,12.511651,122.64191,144.35682,109.14722,106.68925,35.770239,74.322605,143.51549,19.590266,16.583099,9.900617,12.376141,25.88042,0.17526827,0.16567443,0.054980104,0.14235465,0.18771872,0.095026094,0.087819855,0.023023957,0.081588885,0.10324082,0,,0,15.736842,16,0.00095239197,max_atoms=38
14,16,all,all,-1,38,0.0016278091,0.0012066364,0.0012576775,0.00072687864,0.0020354092,0.99918557,0.9993965,0.00062958065,0.99898176,0.99963649,138.89137,139.98256,8.785194,134.59265,143.76604,138.78089,139.95281,8.8187729,134.44399,143.69808,101.34268,97.887423,36.89812,77.212434,119.07896,18.169869,15.591636,8.8380091,11.828121,23.192113,0.17820721,0.1712942,0.041601389,0.14363318,0.20928597,0.096110696,0.092317207,0.01518841,0.083283639,0.10852097,0.13157895,0.1150629,0.026315789,15.684211,16,0.00081443066,max_atoms=38
14,16,all,antonym,all,14,0.0013379753,0.0010962188,0.00096296601,0.00093582273,0.0012199283,0.99933069,0.99945173,0.00048203243,0.99938989,0.99953195,142.43877,144.34586,11.766077,140.58543,150.41405,142.34379,144.29637,11.763736,140.51025,150.33464,100.75951,106.60847,33.706818,72.685567,114.35986,19.083238,16.463115,8.5346416,11.900817,27.400765,0.18565738,0.17589025,0.042095098,0.16142434,0.19492028,0.098865524,0.097317068,0.016396187,0.084845788,0.1091622,0,,0,15.571429,16,0.00066932211,max_atoms=14
14,16,all,association,all,12,0.0021026681,0.0019955039,0.0013951192,0.0011084378,0.0024674833,0.99894788,0.99900174,0.00069848301,0.99876551,0.99944562,132.01745,133.66202,9.3730037,127.19213,135.3692,131.87898,133.51441,9.3737771,126.94678,135.20166,114.06839,121.03772,39.295114,82.123511,142.22352,18.945224,16.920042,8.5707194,14.061764,24.931364,0.1633941,0.16579033,0.029714648,0.14648228,0.17873126,0.089919399,0.088908741,0.0092915684,0.084240149,0.095793982,0.16666667,0.056738521,0,15.75,16,0.0010521088,max_atoms=12
14,16,all,counting,all,10,0.0017264485,0.0014812648,0.00081211792,0.0012762845,0.002157405,0.99913633,0.99925908,0.00040643744,0.99892074,0.99936165,142.79155,142.95644,11.328951,137.99163,151.36376,142.66597,142.8952,11.288079,137.88777,151.21259,116.39038,114.28813,39.140446,99.133775,147.51893,20.219353,21.056719,8.4560864,12.946979,25.163123,0.17358285,0.16387103,0.041965188,0.14231893,0.21238589,0.094703271,0.086656987,0.017131881,0.08289033,0.1054911,0,,0,15.7,16,0.00086367021,max_atoms=10
14,16,all,factual,all,16,0.0022924058,0.0020144582,0.0013268769,0.0013311654,0.003391996,0.99885294,0.99899226,0.00066424858,0.99830253,0.99933422,133.62353,137.81873,8.8649629,128.32344,139.6842,133.46928,137.72628,8.8413456,128.21307,139.50949,112.79586,107.60333,41.414574,89.432302,149.23232,20.836648,17.892841,10.448979,12.04436,29.639547,0.18070897,0.17536816,0.042992222,0.15457537,0.20870975,0.095649939,0.098568969,0.014941739,0.080136707,0.10867905,0.125,0.17833702,0.0625,15.875,16,0.0011470615,max_atoms=16
14,16,all,multihop,all,12,0.0016187976,0.0012550652,0.001040801,0.0010188818,0.0019473284,0.99919015,0.99937227,0.00052096069,0.99902581,0.99949045,139.50028,141.55908,9.3915406,135.98692,145.31657,139.38591,141.48471,9.3625912,135.9051,145.11428,97.29716,91.650882,33.73955,73.958762,110.10808,19.777739,13.714118,13.459011,11.781543,20.103792,0.1947145,0.16977629,0.081654745,0.14759732,0.21206338,0.10488653,0.089176026,0.035827324,0.083703244,0.11459977,0.083333333,0.10516342,0,15.75,16,0.00080985225,max_atoms=12
14,16,all,syntactic,all,12,0.0014051249,0.00088867545,0.0011332173,0.00072677433,0.0014697909,0.99929703,0.99955553,0.00056721287,0.99926478,0.99963656,132.54666,135.9122,11.083196,125.43877,141.3568,132.45648,135.85845,11.113108,125.38979,141.29747,90.246563,91.917179,27.39193,72.263423,104.01981,13.955362,14.912983,3.6420375,10.792032,16.189497,0.15903248,0.15680281,0.037093817,0.13631923,0.17330424,0.088664817,0.087370811,0.011523088,0.082675363,0.091997402,0,,0,15.583333,16,0.00070296096,max_atoms=12
14,16,chat,all,-2,8,0.0012323633,0.0012242496,6.0165482e-05,0.001196444,0.0012670755,0.99938363,0.99938771,3.0096459e-05,0.99936625,0.99940157,116.54566,116.4475,0.78916245,116.06808,117.0459,116.47381,116.37616,0.78650229,115.99831,116.9703,67.110406,67.457346,3.4917806,64.765639,69.206775,9.6405158,9.1714029,1.3572073,8.6300669,10.474102,0.14362322,0.14646204,0.017971022,0.126902,0.15502768,0.08282141,0.082890898,0.0032820076,0.080571274,0.085708465,0,,0,15.75,16,0.00061636773,max_atoms=8
14,16,chat,all,-1,8,0.00044643134,0.00041621923,9.2090713e-05,0.00040429831,0.00043784082,0.99977676,0.99979186,4.6056921e-05,0.99978107,0.99979785,142.04888,142.30609,1.6761924,140.64309,142.95242,142.01713,142.27724,1.6721888,140.61508,142.92245,49.899953,50.135928,3.3461609,48.84531,52.663359,9.7155503,9.5727859,1.7499482,8.180959,11.294784,0.1942166,0.1847503,0.029477873,0.17334305,0.21474117,0.10844708,0.10915438,0.01118819,0.1013989,0.1167553,0,,0,16,16,0.00022325144,max_atoms=8
14,16,plain,all,-2,30,0.0020826022,0.0020768344,0.0011369597,0.0010563433,0.0029060841,0.998958,0.99896106,0.00056914772,0.9985459,0.99947171,139.95234,139.69849,9.0207504,135.05793,146.39498,139.80579,139.63409,9.0009666,134.91538,146.15998,120.35704,116.93038,31.813016,100.72659,151.48019,22.243533,19.023714,9.4882013,15.725533,27.650412,0.18370696,0.17479565,0.058556108,0.15373882,0.19649886,0.098280677,0.091381958,0.024933699,0.084406636,0.10907815,0,,0,15.733333,16,0.0010419984,max_atoms=30
14,16,plain,all,-1,30,0.0019428432,0.0013242662,0.0012362745,0.0010946244,0.0024131685,0.99902792,0.99933764,0.00061893321,0.99879271,0.99945252,138.04936,137.67396,9.7112643,134.40162,144.05486,137.91789,137.54489,9.7411591,134.28726,143.85594,115.06074,105.35472,28.454241,96.215832,133.83091,20.424354,17.198177,8.599045,14.22301,25.99447,0.17393803,0.16788579,0.043689816,0.13815471,0.20308166,0.092820995,0.086167856,0.014523542,0.082159449,0.10241043,0.16666667,0.1150629,0.033333333,15.6,16,0.00097207845,max_atoms=30
14,25,all,all,all,76,0.0017935759,0.0013019741,0.0011862311,0.00096006691,0.0024557561,0.99910264,0.99934882,0.00059381732,0.99877135,0.99951985,136.95799,139.0692,10.932632,132.59529,143.86948,136.83544,138.8825,10.928113,132.29405,143.7541,108.79682,104.81706,38.10399,77.256045,144.12995,17.724674,14.63605,9.1233259,11.17736,22.701421,0.16168021,0.1532673,0.050281242,0.12695538,0.17936352,0.081186569,0.072661665,0.022110417,0.065991401,0.092488241,0.078947368,0.08972789,0.013157895,23.302632,24.026316,0.00089736273,max_atoms=58;no_positive_correlation=18
14,25,chat,all,all,16,0.00084493682,0.00091481209,0.00041777124,0.00041723251,0.0012289733,0.99957742,0.99954247,0.00020897086,0.99938533,0.99979132,129.29727,128.89156,13.23048,116.5961,142.22108,129.24514,128.83837,13.251083,116.52331,142.19257,59.597444,58.15817,10.51223,50.492386,68.987721,9.2202814,8.9135666,1.5449128,8.1558619,10.124047,0.15916437,0.15062456,0.039333397,0.12682495,0.17689393,0.088008672,0.082870315,0.019630413,0.071169943,0.10615927,0,,0,21.125,21.5625,0.00042257586,max_atoms=6;no_positive_correlation=10
14,25,plain,all,all,60,0.0020465463,0.0016613603,0.0011980175,0.0011063218,0.0028553158,0.99897603,0.99916899,0.00059975929,0.99857131,0.9994467,139.00085,139.0692,9.3420092,134.44989,144.89727,138.85952,138.8825,9.3476089,134.37339,144.70184,121.91666,114.17796,31.401956,100.75972,147.58391,19.992512,16.868159,8.9641934,14.129282,25.932152,0.1623511,0.15413856,0.053087748,0.12725412,0.17936352,0.079367341,0.072254384,0.022527482,0.065215027,0.091054238,0.1,0.08972789,0.016666667,23.883333,24.683333,0.0010239726,max_atoms=52;no_positive_correlation=8
14,25,all,all,-2,38,0.0019287938,0.0013722777,0.0010815086,0.0011482388,0.0027158111,0.999035,0.99931362,0.00054139869,0.99864119,0.99942575,135.02462,137.78489,12.546619,122.71525,144.52185,134.89205,137.65211,12.511123,122.64063,144.35537,112.29828,110.93815,36.672109,76.402869,145.99285,18.547866,15.904103,9.706335,11.410778,24.720552,0.16149303,0.15404114,0.056142331,0.12682431,0.17404991,0.081003873,0.072033894,0.024742438,0.067643788,0.091944503,0.026315789,0.0024096937,0,23.921053,24.605263,0.00096500202,max_atoms=31;no_positive_correlation=7
14,25,all,all,-1,38,0.0016583581,0.0012169182,0.0012826154,0.00074836612,0.0021308661,0.99917028,0.99939138,0.00064207354,0.99893397,0.99962576,138.89137,139.98256,8.785194,134.59265,143.76604,138.77884,139.95278,8.8198127,134.4399,143.69781,105.29537,103.62364,39.661599,80.550439,121.60174,16.901481,14.272551,8.5507245,11.151733,18.486871,0.16186739,0.15136994,0.044415124,0.12760346,0.19311968,0.081369265,0.078412571,0.019460138,0.064448928,0.094852556,0.13157895,0.10719153,0.026315789,22.684211,23.447368,0.00082972345,max_atoms=27;no_positive_correlation=11
14,25,all,antonym,all,14,0.0013560397,0.0011054277,0.00097506205,0.00095783174,0.0012264401,0.99932165,0.99944714,0.00048809123,0.99938658,0.99952099,142.43877,144.34586,11.766077,140.58543,150.41405,142.34252,144.29536,11.763849,140.50847,150.33364,103.56377,110.93815,34.5313,76.566101,118.50843,18.364624,15.524431,8.4189562,10.915998,26.746756,0.17406832,0.16752237,0.043718722,0.1374344,0.19099135,0.086038133,0.082973458,0.019202936,0.070690868,0.10319774,0,,0,22.5,23.428571,0.00067835749,max_atoms=8;no_positive_correlation=6
14,25,all,association,all,12,0.0021439145,0.0020688772,0.0014134928,0.0011168569,0.0025517941,0.99892724,0.998965,0.00070768226,0.99872327,0.9994414,132.01745,133.66202,9.3730037,127.19213,135.3692,131.87625,133.50979,9.3736727,126.94334,135.19963,118.56554,127.08187,41.171478,86.028945,147.0304,16.699656,16.124041,7.5100096,12.268589,19.310665,0.1398155,0.14267431,0.027714688,0.12302602,0.15375164,0.07151789,0.06964308,0.012092843,0.062907612,0.081547394,0.16666667,0.054222402,0,24.083333,24.666667,0.0010727598,max_atoms=11;no_positive_correlation=1
14,25,all,counting,all,10,0.0017572165,0.0015159547,0.0008295917,0.0012806356,0.0022132993,0.99912093,0.99924174,0.00041518817,0.99889275,0.99935947,142.79155,142.95644,11.328951,137.99163,151.36376,142.66371,142.89469,11.287146,137.88434,151.2101,121.08121,116.89568,42.232524,103.26715,153.61204,18.932466,18.364478,8.3717961,12.50807,22.760752,0.15759506,0.14175127,0.043129468,0.12760346,0.18297418,0.079275612,0.071610504,0.021496291,0.063688222,0.086221634,0,,0,23.8,24.2,0.0008790736,max_atoms=8;no_positive_correlation=2
14,25,all,factual,all,16,0.0023267455,0.0020495653,0.001349124,0.0013513863,0.0034342408,0.99883574,0.99897468,0.00067539486,0.99828137,0.99932407,133.62353,137.81873,8.8649629,128.32344,139.6842,133.467,137.72423,8.8415514,128.20962,139.50727,116.08201,110.54168,43.101745,93.475727,152.91939,19.888562,16.682548,9.6103742,13.286014,27.519075,0.1699859,0.16909483,0.041660693,0.1445924,0.18821258,0.082483573,0.085002883,0.017810399,0.066353815,0.094678784,0.1875,0.10913825,0.0625,23.3125,24,0.0011642658,max_atoms=13;no_positive_correlation=3
14,25,all,multihop,all,12,0.0016398033,0.0012718141,0.0010601452,0.0010507107,0.0019587427,0.99917964,0.9993639,0.00053065099,0.99902008,0.99947451,139.50028,141.55908,9.3915406,135.98692,145.31657,139.38444,141.48437,9.3624213,135.90371,145.11297,100.91953,97.170244,36.400773,74.993225,111.60795,18.748271,12.265845,14.066577,10.630187,17.308126,0.17756396,0.13904959,0.086145462,0.12109281,0.20536954,0.091780322,0.076285124,0.037787862,0.067878977,0.10234596,0.083333333,0.10250777,0,22.666667,23.75,0.00082036285,max_atoms=8;no_positive_correlation=4
14,25,all,syntactic,all,12,0.0014268756,0.00089737773,0.0011570973,0.00074322522,0.0014885962,0.99928615,0.99955121,0.00057918472,0.99925537,0.99962835,132.54666,135.9122,11.083196,125.43877,141.3568,132.45509,135.85723,11.11366,125.3896,141.29657,93.060047,94.444984,28.040907,76.982121,107.93082,13.087806,13.885837,3.4331204,10.278204,15.455253,0.14553841,0.12964715,0.038849007,0.12269513,0.16085981,0.074464462,0.070880863,0.014254338,0.066688163,0.077691942,0,,0,23.666667,24.25,0.00071384187,max_atoms=10;no_positive_correlation=2
14,25,chat,all,-2,8,0.0012429357,0.0012314022,5.8620503e-05,0.0012075156,0.0012709051,0.99937834,0.99938411,2.93296e-05,0.99936435,0.99939606,116.54566,116.4475,0.78916245,116.06808,117.0459,116.47319,116.37582,0.7865899,115.99774,116.96958,69.202306,69.019255,3.9181749,66.595499,72.829782,8.9223305,8.5931463,1.1062341,8.1858647,9.4107494,0.12871753,0.12678525,0.011274805,0.11952538,0.13126005,0.071366993,0.070964195,0.005028467,0.068449437,0.071923299,0,,0,23.625,24.375,0.00062165853,max_atoms=6;no_positive_correlation=2
14,25,chat,all,-1,8,0.00044693798,0.00041663647,9.2186435e-05,0.00040501356,0.00043837726,0.9997765,0.99979162,4.6118269e-05,0.9997808,0.99979746,142.04888,142.30609,1.6761924,140.64309,142.95242,142.0171,142.27721,1.672189,140.61503,142.92242,49.992581,50.305912,3.2532592,48.769438,52.544827,9.5182322,9.4775867,1.9203667,8.1558619,11.185999,0.18961122,0.18257914,0.032699338,0.1661232,0.21321103,0.10465035,0.1066665,0.012940361,0.099110539,0.11446988,0,,0,18.625,18.75,0.00022349318,no_positive_correlation=8
14,25,plain,all,-2,30,0.0021116892,0.0021238327,0.0011520096,0.0010789186,0.0029230565,0.99894344,0.99893752,0.00057669112,0.99853739,0.99946038,139.95234,139.69849,9.0207504,135.05793,146.39498,139.80375,139.63292,9.0008323,134.91104,146.1587,123.79054,117.64214,32.606052,102.51833,154.60591,21.114676,18.636897,9.3558937,14.318274,26.568848,0.17023316,0.16108964,0.060128355,0.13174287,0.18119894,0.083573708,0.072661665,0.027249099,0.066794381,0.093173482,0.033333333,0.0024096937,0,24,24.666667,0.0010565603,max_atoms=25;no_positive_correlation=5
14,25,plain,all,-1,30,0.0019814034,0.0013642907,0.0012586013,0.0011086315,0.002488479,0.99900862,0.99931762,0.00063012414,0.99875496,0.99944556,138.04936,137.67396,9.7112643,134.40162,144.05486,137.9153,137.5406,9.742126,134.28155,143.85032,120.04277,109.55691,30.590012,100.23914,144.38975,18.870348,14.699363,8.5642486,13.983364,24.374306,0.15446904,0.1372981,0.044607663,0.12510421,0.17657471,0.075160975,0.068243524,0.015917091,0.063331646,0.085819689,0.16666667,0.10719153,0.033333333,23.766667,24.7,0.00099138485,max_atoms=27;no_positive_correlation=3
21,10,all,all,all,76,2.2707017e-05,2.1219254e-05,8.6774452e-06,1.6674399e-05,2.7343631e-05,0.99998865,0.99998936,4.3448523e-06,0.99998632,0.99999169,92.689026,94.793015,9.0448863,86.029989,99.53034,92.687986,94.792397,9.0448922,86.028912,99.529081,0.14243356,0.13772906,0.026290981,0.12098182,0.16304808,0.029640985,0.026629871,0.012783957,0.021551127,0.031460558,0.20474487,0.18412262,0.062715026,0.16463693,0.22126818,0.12675764,0.11914948,0.025903734,0.11302379,0.13071226,0.026315789,0.14597055,0.013157895,9.9605263,10,1.1354694e-05,max_atoms=76
21,10,chat,all,all,16,2.8431416e-05,2.7388334e-05,8.7951361e-06,2.078712e-05,3.6939979e-05,0.99998578,0.99998632,4.4054227e-06,0.99998151,0.99998958,85.491302,86.027454,1.0580179,85.268011,86.161678,85.490086,86.026199,1.0578877,85.267067,86.160244,0.14439037,0.14478807,0.033289308,0.11493926,0.17460408,0.030405852,0.030463195,0.006683184,0.024320836,0.037280177,0.21293418,0.20690365,0.029808038,0.18995171,0.22979972,0.13360206,0.13186976,0.010896585,0.12677561,0.13935534,0,,0,9.9375,10,1.4218339e-05,max_atoms=16
21,10,plain,all,all,60,2.1180511e-05,2.0354986e-05,8.0495549e-06,1.4960766e-05,2.425909e-05,0.99998941,0.99998984,4.0297977e-06,0.99998789,0.99999253,94.608418,97.473389,9.2690454,90.762144,100.15917,94.607426,97.47274,9.2690092,90.761322,100.15831,0.14191174,0.13772906,0.024405092,0.1246875,0.15561341,0.02943702,0.025652988,0.01400689,0.020481349,0.030236297,0.20256105,0.17808374,0.06892653,0.16158343,0.21389514,0.12493245,0.11659317,0.028402318,0.11233615,0.12404775,0.033333333,0.14597055,0.016666667,9.9666667,10,1.0591056e-05,max_atoms=60
21,10,all,all,-2,38,2.5071596e-05,2.4080276e-05,1.0103147e-05,1.616776e-05,3.4600496e-05,0.99998746,0.99998793,5.0586109e-06,0.9999827,0.99999192,94.916113,95.793938,7.8878218,86.429907,99.961142,94.914937,95.7925,7.8878783,86.428261,99.959583,0.15344866,0.15699906,0.028359522,0.13359569,0.17260026,0.0326322,0.029175811,0.013946957,0.022626149,0.037622741,0.20894786,0.18367104,0.067580672,0.17027073,0.22163883,0.1280029,0.11903048,0.028891733,0.11447615,0.13015023,0,,0,10,10,1.2537376e-05,max_atoms=38
21,10,all,all,-1,38,2.0342438e-05,1.92523e-05,6.2508335e-06,1.6987324e-05,2.1800399e-05,0.99998983,0.99999037,3.1303763e-06,0.99998908,0.99999154,90.461938,91.293236,9.6656786,84.804079,98.304113,90.461035,91.292446,9.6657083,84.803152,98.303177,0.13141845,0.13083649,0.018644754,0.11703826,0.14406528,0.026649769,0.025047547,0.010880263,0.020362018,0.029317155,0.20054188,0.19110717,0.058044971,0.16202963,0.21886175,0.12551237,0.12010199,0.022852237,0.11248596,0.13115498,0.052631579,0.14597055,0.026315789,9.9210526,10,1.0172012e-05,max_atoms=38
21,10,all,antonym,all,14,2.1653516e-05,1.9848347e-05,9.2639156e-06,1.5065074e-05,2.3677945e-05,0.99998918,0.99999005,4.6373153e-06,0.99998818,0.9999925,92.646832,92.907108,7.0824563,86.134718,96.531347,92.645834,92.906448,7.082447,86.133627,96.530512,0.13895085,0.1352332,0.027285243,0.11872035,0.16273494,0.027363499,0.029211402,0.0071577472,0.021234204,0.031119396,0.19688314,0.19361841,0.034010358,0.17636818,0.22099189,0.12207721,0.11890539,0.011808569,0.11562829,0.12768494,0.071428571,0.13405063,0,10,10,1.0824946e-05,max_atoms=14
21,10,all,association,all,12,2.1795432e-05,1.9967556e-05,7.9433655e-06,1.5184283e-05,2.592802e-05,0.9999891,0.99999002,3.9861414e-06,0.99998701,0.9999924,90.950078,95.103455,11.095232,83.53488,98.789488,90.949116,95.102795,11.095349,83.534098,98.78858,0.14084243,0.13980944,0.02290152,0.12449376,0.15821383,0.025641461,0.023457685,0.0064180016,0.022051188,0.026541562,0.18446188,0.17451055,0.04477584,0.15858589,0.18648967,0.12012115,0.11882697,0.013214486,0.11266307,0.12138359,0,,0,9.8333333,10,1.0900792e-05,max_atoms=12
21,10,all,counting,all,10,2.33531e-05,2.2888184e-05,5.8304867e-06,1.9744039e-05,2.6538968e-05,0.99998832,0.99998853,2.9060618e-06,0.99998672,0.99999015,99.792364,100.52933,8.561528,99.408913,106.23189,99.791204,100.52824,8.5614857,99.407982,106.23059,0.15710258,0.15518352,0.026932019,0.13975489,0.16747983,0.032273295,0.02914664,0.011416896,0.026091675,0.030834021,0.2024171,0.18095394,0.044346712,0.17470996,0.23919806,0.12309925,0.11801018,0.012451952,0.11380259,0.12873459,0,,0,10,10,1.1677928e-05,max_atoms=10
21,10,all,factual,all,16,2.5223941e-05,2.1725893e-05,9.88633e-06,1.7747283e-05,3.1501055e-05,0.99998739,0.99998912,4.9487412e-06,0.99998422,0.99999113,92.418015,93.634666,7.987134,85.910065,98.915409,92.416852,93.633095,7.9870617,85.909168,98.914394,0.14629757,0.13844335,0.030365344,0.1218739,0.18022749,0.032510255,0.026819735,0.017301781,0.021021752,0.037018149,0.21454668,0.18849142,0.077518334,0.17350258,0.21035345,0.12992308,0.11737505,0.032515979,0.11269875,0.13474135,0.0625,0.15789046,0.0625,9.9375,10,1.2610772e-05,max_atoms=16
21,10,all,multihop,all,12,1.9585093e-05,1.6838312e-05,9.7322294e-06,1.3157725e-05,2.3260713e-05,0.99999021,0.9999916,4.8755946e-06,0.99998839,0.99999344,93.962542,97.473389,7.0729174,87.776068,99.673386,93.961633,97.47274,7.0730099,87.775215,99.671759,0.13037738,0.12232152,0.028165654,0.10927455,0.14421052,0.030252293,0.024210792,0.01927477,0.018637262,0.032054012,0.22094757,0.18835706,0.098424946,0.16340094,0.24287475,0.13684328,0.12421418,0.046118931,0.113251,0.13454631,0,,0,10,10,9.7968408e-06,max_atoms=12
21,10,all,syntactic,all,12,2.4075309e-05,2.1368265e-05,8.2750194e-06,1.9490719e-05,2.6494265e-05,0.99998796,0.99998933,4.1438188e-06,0.99998672,0.99999025,87.645583,88.699436,9.9811037,85.195709,93.916136,87.64455,88.69849,9.9811332,85.194872,93.915285,0.14276782,0.14401319,0.016437219,0.13594669,0.15253038,0.02966698,0.028249962,0.0091350409,0.024523707,0.032180854,0.2068679,0.20133712,0.054690178,0.16321689,0.2291512,0.12759702,0.12267978,0.018045128,0.1153119,0.13959678,0,,0,10,10,1.2040358e-05,max_atoms=12
21,10,chat,all,-2,8,3.6738813e-05,3.7103891e-05,2.1620113e-06,3.580749e-05,3.8057566e-05,0.99998162,0.99998143,1.0855517e-06,0.99998097,0.99998206,85.813897,86.163681,0.95483942,85.8759,86.311594,85.812321,86.162209,0.95485503,85.874313,86.309994,0.17575006,0.17635324,0.0068237589,0.17008757,0.18038883,0.035557579,0.037451459,0.004048192,0.032050496,0.038310588,0.20214615,0.20690365,0.020048345,0.18326863,0.22126818,0.12716029,0.12646728,0.0079578374,0.12202184,0.13174519,0,,0,10,10,1.8374138e-05,max_atoms=8
21,10,chat,all,-1,8,2.0124018e-05,2.0653009e-05,1.8279818e-06,1.873076e-05,2.1442771e-05,0.99998994,0.99998966,9.1219312e-07,0.9999893,0.99999061,85.168708,85.505852,1.1176457,84.755499,86.043644,85.16785,85.504917,1.1176054,84.754633,86.042749,0.11303068,0.11352049,0.0089589611,0.10969343,0.11960797,0.025254126,0.023699514,0.0043196342,0.021551127,0.029545707,0.22372221,0.22444859,0.035157052,0.19278679,0.25433387,0.14004384,0.1404685,0.0098110646,0.13276532,0.14557971,0,,0,9.875,10,1.006254e-05,max_atoms=8
21,10,plain,all,-2,30,2.1960338e-05,2.1845102e-05,9.0298603e-06,1.4171004e-05,2.7015805e-05,0.99998902,0.99998906,4.5196669e-06,0.99998648,0.99999289,97.343371,98.578716,7.0859842,94.760307,101.59681,97.342301,98.577999,7.0858845,94.759745,101.59609,0.14750162,0.14508619,0.029001741,0.12927549,0.16569784,0.031852099,0.027420112,0.015531633,0.021768428,0.034597571,0.21076165,0.17944752,0.075590114,0.16524622,0.2337986,0.12822759,0.11729241,0.032395512,0.11352252,0.12788856,0,,0,10,10,1.0980907e-05,max_atoms=30
21,10,plain,all,-1,30,2.0400683e-05,1.8686056e-05,7.0020292e-06,1.5154481e-05,2.1919608e-05,0.9999898,0.99999067,3.5067614e-06,0.99998903,0.9999924,91.873466,95.436749,10.445384,85.678495,99.186386,91.872551,95.436058,10.445428,85.67758,99.185558,0.13632186,0.13600432,0.01749302,0.12411112,0.15041758,0.02702194,0.02538154,0.012076925,0.01986003,0.02920625,0.19436046,0.17755439,0.061745876,0.15777696,0.21049678,0.12163732,0.11552058,0.023859304,0.11138454,0.12391354,0.066666667,0.14597055,0.033333333,9.9333333,10,1.0201205e-05,max_atoms=30
21,16,all,all,all,76,2.382382e-05,2.1964312e-05,8.9231373e-06,1.7210841e-05,2.8699636e-05,0.99998809,0.99998903,4.4587179e-06,0.99998562,0.99999142,92.689026,94.793015,9.0448863,86.029989,99.53034,92.687934,94.792343,9.0448867,86.028879,99.529024,0.1571958,0.15658303,0.029534692,0.13071036,0.17950007,0.026642014,0.023423159,0.012462745,0.01880965,0.028317485,0.16812562,0.14881987,0.063370775,0.1313141,0.18842838,0.091985158,0.084017584,0.026361029,0.076839443,0.10159662,0.039473684,0.09352058,0.013157895,15.789474,16,1.1912049e-05,max_atoms=76
21,16,chat,all,all,16,2.9277056e-05,2.8371811e-05,9.2550031e-06,2.1100044e-05,3.8042665e-05,0.99998537,0.99998584,4.625259e-06,0.99998096,0.99998944,85.491302,86.027454,1.0580179,85.268011,86.161678,85.49005,86.02615,1.0578828,85.267052,86.160181,0.15293334,0.14969334,0.037121322,0.11918696,0.18750446,0.02872702,0.027914951,0.0056603486,0.025356453,0.033140055,0.19154647,0.18748152,0.027762101,0.17131367,0.2026872,0.10550106,0.10254379,0.012630036,0.096319455,0.1181157,0,,0,15.875,16,1.4636043e-05,max_atoms=16
21,16,plain,all,all,60,2.2369623e-05,2.1606684e-05,8.3200455e-06,1.5944242e-05,2.5942922e-05,0.99998881,0.99998918,4.1582923e-06,0.99998704,0.99999203,94.608418,97.473389,9.2690454,90.762144,100.15917,94.60737,97.472698,9.2690068,90.761251,100.15828,0.15833246,0.15658303,0.027427639,0.14082546,0.1751356,0.026086013,0.02251258,0.013704078,0.018102558,0.026685093,0.16188006,0.14182937,0.068706094,0.12740406,0.16797137,0.088380918,0.079243075,0.027929304,0.075441721,0.087545042,0.05,0.09352058,0.016666667,15.766667,16,1.118565e-05,max_atoms=60
21,16,all,all,-2,38,2.6246435e-05,2.5510788e-05,1.037805e-05,1.7166138e-05,3.5494566e-05,0.99998688,0.99998724,5.1866044e-06,0.99998224,0.99999142,94.916113,95.793938,7.8878218,86.429907,99.961142,94.914881,95.792419,7.8878743,86.428225,99.959522,0.16877638,0.17302725,0.030938009,0.14692133,0.19295849,0.029223129,0.026062466,0.013828434,0.019059628,0.035703199,0.1706086,0.14881987,0.067845406,0.13438327,0.18639047,0.092998668,0.084294176,0.028732582,0.078640673,0.096895201,0,,0,15.789474,16,1.3119825e-05,max_atoms=38
21,16,all,all,-1,38,2.1401205e-05,2.0563602e-05,6.4527056e-06,1.7434359e-05,2.2798777e-05,0.9999893,0.99998972,3.2237669e-06,0.99998863,0.99999131,90.461938,91.293236,9.6656786,84.804079,98.304113,90.460987,91.292389,9.6657031,84.803114,98.303087,0.14561523,0.14739075,0.023141796,0.12504542,0.16223951,0.0240609,0.022120067,0.010484647,0.018743283,0.025891115,0.16564264,0.14794673,0.059368207,0.12857778,0.18992858,0.090971649,0.082026962,0.024102234,0.075371164,0.10196865,0.078947368,0.09352058,0.026315789,15.789474,16,1.0704272e-05,max_atoms=38
21,16,all,antonym,all,14,2.2781747e-05,2.0563602e-05,9.4986743e-06,1.5944242e-05,2.5480986e-05,0.99998861,0.99998969,4.7410043e-06,0.99998729,0.999992,92.646832,92.907108,7.0824563,86.134718,96.531347,92.645781,92.906395,7.0824375,86.133602,96.530445,0.15566127,0.15521272,0.032431514,0.12563958,0.18218355,0.023480712,0.021659121,0.007735615,0.016823247,0.027678616,0.15211678,0.14248242,0.043108814,0.12926656,0.18580258,0.086737995,0.078838311,0.017356382,0.074191965,0.096326689,0.071428571,0.079649485,0,15.785714,16,1.1391432e-05,max_atoms=14
21,16,all,association,all,12,2.2982558e-05,2.1606684e-05,8.2250663e-06,1.5974045e-05,2.7567148e-05,0.99998851,0.99998918,4.102548e-06,0.99998622,0.999992,90.950078,95.103455,11.095232,83.53488,98.789488,90.949064,95.102741,11.095343,83.534077,98.788502,0.15660702,0.15451511,0.025604998,0.14600201,0.17382317,0.024223614,0.024203715,0.0062763417,0.020333722,0.026151802,0.15810756,0.14465669,0.048177257,0.13261732,0.15855104,0.087322569,0.083759873,0.015685575,0.07804674,0.088491714,0.083333333,0.058078198,0,15.666667,16,1.148135e-05,max_atoms=12
21,16,all,counting,all,10,2.4628639e-05,2.3961067e-05,5.8609416e-06,2.092123e-05,2.7745962e-05,0.99998769,0.99998802,2.9444131e-06,0.9999861,0.99998952,99.792364,100.52933,8.561528,99.408913,106.23189,99.79114,100.52817,8.5614706,99.407919,106.23052,0.17388497,0.17546019,0.030300117,0.16141307,0.18168967,0.028119367,0.02689345,0.0080607443,0.023804368,0.028416162,0.16177112,0.15191211,0.034899817,0.1346708,0.17095593,0.086839317,0.083182811,0.01438078,0.07865531,0.086229467,0,,0,15.8,16,1.231164e-05,max_atoms=10
21,16,all,factual,all,16,2.6315451e-05,2.259016e-05,1.0214481e-05,1.886487e-05,3.3020973e-05,0.99998684,0.9999887,5.1126056e-06,0.99998346,0.99999055,92.418015,93.634666,7.987134,85.910065,98.915409,92.416801,93.633011,7.9870529,85.909159,98.914345,0.15931653,0.15436651,0.033931755,0.12884379,0.18846261,0.029918302,0.022797296,0.016668444,0.018742106,0.03373238,0.18238536,0.16782219,0.074007444,0.13856641,0.19138886,0.097610952,0.088003504,0.030772915,0.078170323,0.10424627,0.0625,0.14283406,0.0625,15.8125,16,1.3153449e-05,max_atoms=16
21,16,all,multihop,all,12,2.0439426e-05,1.7493963e-05,9.9450475e-06,1.3738871e-05,2.451241e-05,0.99998978,0.99999124,4.9637401e-06,0.99998777,0.99999312,93.962542,97.473389,7.0729174,87.776068,99.673386,93.961594,97.472698,7.0730179,87.775164,99.671728,0.14213375,0.13543271,0.029165415,0.11664414,0.16111299,0.028032647,0.020459845,0.019933746,0.01609216,0.028134144,0.188278,0.15374437,0.102224,0.13443435,0.19019602,0.10176834,0.082302004,0.046524956,0.076530781,0.10486915,0,,0,15.75,16,1.0224816e-05,max_atoms=12
21,16,all,syntactic,all,12,2.5272369e-05,2.2500753e-05,8.5297331e-06,2.0578504e-05,2.7626753e-05,0.99998736,0.99998873,4.2589335e-06,0.9999862,0.99998969,87.645583,88.699436,9.9811037,85.195709,93.916136,87.644498,88.698437,9.9811352,85.194838,93.915243,0.15790166,0.1588085,0.019126926,0.14733775,0.17005374,0.025758458,0.023593913,0.0089355867,0.020843125,0.029170514,0.16295072,0.16002448,0.052039124,0.11737742,0.19598947,0.089773398,0.087322135,0.016498814,0.074521109,0.10161408,0,,0,15.916667,16,1.2649174e-05,max_atoms=12
21,16,chat,all,-2,8,3.8042665e-05,3.823638e-05,2.1374134e-06,3.695488e-05,3.9488077e-05,0.99998099,0.99998087,1.0700415e-06,0.99998029,0.99998154,85.813897,86.163681,0.95483942,85.8759,86.311594,85.812265,86.162151,0.95485886,85.874237,86.309952,0.18812463,0.18815667,0.0081968736,0.18557632,0.19423781,0.032930286,0.033770641,0.004198268,0.031332194,0.036143956,0.17463794,0.17811469,0.017406943,0.16356206,0.1872277,0.094916952,0.096077091,0.0065884583,0.092745492,0.098128773,0,,0,15.875,16,1.9019218e-05,max_atoms=8
21,16,chat,all,-1,8,2.0511448e-05,2.092123e-05,1.831172e-06,1.9133091e-05,2.194941e-05,0.99998975,0.99998954,9.1010429e-07,0.99998903,0.9999904,85.168708,85.505852,1.1176457,84.755499,86.043644,85.167834,85.504898,1.117605,84.754618,86.042736,0.11774206,0.11822348,0.0074136885,0.1135586,0.12337507,0.024523754,0.025330925,0.0032631251,0.021446606,0.027322745,0.208455,0.20815383,0.026364554,0.18885706,0.22903421,0.11608517,0.11818108,0.0065086725,0.11598506,0.11958051,0,,0,15.875,16,1.0252868e-05,max_atoms=8
21,16,plain,all,-2,30,2.3100773e-05,2.3216009e-05,9.3642788e-06,1.513958e-05,2.8192997e-05,0.99998845,0.99998838,4.6815763e-06,0.99998589,0.99999243,97.343371,98.578716,7.0859842,94.760307,101.59681,97.342246,98.577957,7.0858786,94.759706,101.59604,0.16361684,0.1620782,0.032774649,0.14309846,0.18022172,0.028234554,0.023593913,0.01532713,0.017616009,0.0311439,0.16953411,0.14362074,0.076118201,0.12926656,0.17182959,0.092487125,0.080155814,0.03227288,0.077929748,0.092051444,0,,0,15.766667,16,1.1546654e-05,max_atoms=30
21,16,plain,all,-1,30,2.1638473e-05,2.0205975e-05,7.2137073e-06,1.6212463e-05,2.3320317e-05,0.99998918,0.99998987,3.6039393e-06,0.99998836,0.99999188,91.873466,95.436749,10.445384,85.678495,99.186386,91.872495,95.436005,10.445427,85.67753,99.185503,0.15304808,0.15521272,0.019963427,0.13625105,0.164772,0.023937472,0.021588991,0.01173063,0.018242762,0.025483026,0.15422601,0.14043834,0.060734189,0.12137452,0.16537014,0.084274711,0.078000418,0.022595724,0.072406652,0.086617912,0.1,0.09352058,0.033333333,15.766667,16,1.0824647e-05,max_atoms=30
21,25,all,all,all,76,2.4337518e-05,2.2500753e-05,9.0186284e-06,1.744926e-05,2.9221177e-05,0.99998783,0.99998879,4.5061413e-06,0.9999854,0.99999128,92.689026,94.793015,9.0448863,86.029989,99.53034,92.68791,94.792313,9.0448826,86.028862,99.528999,0.16609381,0.16422305,0.031709276,0.14093632,0.18985893,0.024590516,0.02096343,0.012308821,0.016696061,0.027827828,0.14820247,0.13022747,0.0651703,0.10275882,0.17561716,0.073606939,0.064866602,0.028151852,0.056543159,0.079887071,0.039473684,0.087491125,0.013157895,24.157895,24.868421,1.2173479e-05,max_atoms=71;no_positive_correlation=5
21,25,chat,all,all,16,2.964586e-05,2.8699636e-05,9.5293611e-06,2.1234155e-05,3.875792e-05,0.99998517,0.99998564,4.7644211e-06,0.99998064,0.99998939,85.491302,86.027454,1.0580179,85.268011,86.161678,85.490034,86.026123,1.0578778,85.267044,86.160158,0.15754437,0.15101916,0.040242555,0.12288235,0.1973338,0.027724242,0.027395976,0.004535762,0.024742417,0.031423741,0.18138061,0.17245707,0.029075913,0.16204659,0.19880375,0.091601736,0.090668334,0.016109972,0.077857352,0.10387705,0,,0,23.6875,24.375,1.482502e-05,max_atoms=11;no_positive_correlation=5
21,25,plain,all,all,60,2.292196e-05,2.2321939e-05,8.403953e-06,1.6614795e-05,2.732873e-05,0.99998853,0.99998888,4.1979352e-06,0.99998634,0.99999171,94.608418,97.473389,9.2690454,90.762144,100.15917,94.607344,97.472683,9.269004,90.761198,100.15826,0.16837366,0.16422305,0.029005425,0.15037303,0.18404458,0.023754856,0.019789958,0.013564291,0.01594223,0.025990785,0.13935497,0.11765244,0.069324483,0.097835824,0.14693893,0.068808327,0.059295139,0.02881382,0.054798142,0.071413006,0.05,0.087491125,0.016666667,24.283333,25,1.1466401e-05,max_atoms=60
21,25,all,all,-2,38,2.6795425e-05,2.6464462e-05,1.0495859e-05,1.7374754e-05,3.5777688e-05,0.9999866,0.99998674,5.2434424e-06,0.99998212,0.99999133,94.916113,95.793938,7.8878218,86.429907,99.961142,94.914855,95.7924,7.8878709,86.428196,99.959492,0.17767772,0.18090215,0.032246547,0.1562821,0.19996138,0.026932512,0.024159661,0.013696807,0.017754228,0.031879949,0.14968177,0.12815432,0.068649154,0.11017879,0.16677411,0.073685369,0.063752968,0.030208575,0.058194512,0.079577499,0,,0,24.157895,25,1.3402563e-05,max_atoms=38
21,25,all,all,-1,38,2.187961e-05,2.1010637e-05,6.5036404e-06,1.7747283e-05,2.3379922e-05,0.99998905,0.99998951,3.2507519e-06,0.99998833,0.99999112,90.461938,91.293236,9.6656786,84.804079,98.304113,90.460966,91.292351,9.6656991,84.803095,98.303043,0.1545099,0.1559838,0.026882418,0.13104458,0.17426572,0.022248519,0.020338012,0.010403846,0.016452103,0.025513173,0.14672318,0.13285188,0.062385279,0.097952644,0.18072934,0.073528509,0.064907861,0.02634203,0.053891207,0.093330798,0.078947368,0.087491125,0.026315789,24.157895,24.736842,1.0944395e-05,max_atoms=33;no_positive_correlation=5
21,25,all,antonym,all,14,2.3365021e-05,2.0951033e-05,9.6177253e-06,1.6316772e-05,2.6628375e-05,0.99998831,0.99998951,4.8060183e-06,0.99998668,0.99999183,92.646832,92.907108,7.0824563,86.134718,96.531347,92.645754,92.906353,7.082432,86.133591,96.530418,0.16515283,0.17031311,0.034375689,0.13489788,0.19349128,0.021119785,0.020313645,0.0075825719,0.0149601,0.026552556,0.12964701,0.11629487,0.045138148,0.092368881,0.16894427,0.067284574,0.059674612,0.01998199,0.054272287,0.077095116,0.071428571,0.062326935,0,24.5,24.857143,1.16888e-05,max_atoms=12;no_positive_correlation=2
21,25,all,association,all,12,2.3538868e-05,2.2500753e-05,8.3402158e-06,1.6570091e-05,2.874434e-05,0.99998823,0.99998879,4.1766191e-06,0.99998564,0.99999167,90.950078,95.103455,11.095232,83.53488,98.789488,90.949037,95.102718,11.095336,83.534065,98.788465,0.16547583,0.15912275,0.029987926,0.15385472,0.17876405,0.023251588,0.023874174,0.0066413495,0.018233165,0.026105209,0.14501902,0.13311848,0.05144802,0.11892696,0.15122844,0.070050288,0.062688525,0.018721135,0.058199817,0.073577596,0.083333333,0.082565492,0,24.166667,25,1.1771011e-05,max_atoms=12
21,25,all,counting,all,10,2.528429e-05,2.4527311e-05,5.9110394e-06,2.1755695e-05,2.82377e-05,0.99998736,0.99998775,2.9532817e-06,0.99998589,0.99998909,99.792364,100.52933,8.561528,99.408913,106.23189,99.791106,100.52813,8.5614611,99.407883,106.2305,0.18532309,0.18686921,0.030692788,0.17453911,0.19082538,0.024796692,0.024171916,0.0069564633,0.020338211,0.02690208,0.13567147,0.11689331,0.038768789,0.11262232,0.15012978,0.067769794,0.062340597,0.015426322,0.058829701,0.071657918,0,,0,24.3,25,1.2642261e-05,max_atoms=10
21,25,all,factual,all,16,2.6769936e-05,2.2768974e-05,1.0367162e-05,1.9624829e-05,3.3736229e-05,0.99998662,0.99998862,5.174974e-06,0.99998312,0.99999018,92.418015,93.634666,7.987134,85.910065,98.915409,92.41678,93.632977,7.9870538,85.909157,98.914331,0.16942619,0.16732962,0.036076849,0.13811691,0.19881361,0.028022729,0.021256371,0.01633917,0.018067327,0.031725185,0.16224127,0.14385784,0.075450763,0.11591251,0.19132388,0.078909309,0.066688918,0.031639294,0.058488484,0.088260537,0.0625,0.11758095,0.0625,24,24.875,1.3382551e-05,max_atoms=15;no_positive_correlation=1
21,25,all,multihop,all,12,2.0811955e-05,1.7762184e-05,1.0001085e-05,1.3902783e-05,2.5197864e-05,0.99998957,0.99999112,4.9973632e-06,0.99998742,0.999993,93.962542,97.473389,7.0729174,87.776068,99.673386,93.961575,97.472683,7.0730208,87.775139,99.671715,0.14769591,0.14253648,0.029107405,0.12092827,0.16469331,0.026313181,0.018464712,0.020029895,0.014641951,0.027326981,0.17104794,0.14295886,0.10503546,0.095832063,0.18752526,0.084818855,0.065869198,0.049424521,0.054978705,0.092762886,0,,0,23.666667,24.666667,1.0424417e-05,max_atoms=11;no_positive_correlation=1
21,25,all,syntactic,all,12,2.5764108e-05,2.2977591e-05,8.5681217e-06,2.1159649e-05,2.810359e-05,0.99998712,0.99998853,4.2909198e-06,0.99998593,0.99998942,87.645583,88.699436,9.9811037,85.195709,93.916136,87.644477,88.698418,9.9811319,85.19483,93.915224,0.16573992,0.16320216,0.021062945,0.15182188,0.18021145,0.023507867,0.022337032,0.0087824497,0.016552205,0.027462306,0.14191261,0.14103419,0.048855238,0.1004561,0.17499791,0.071122227,0.071675193,0.01727058,0.055486636,0.079440668,0,,0,24.333333,24.833333,1.2887718e-05,max_atoms=11;no_positive_correlation=1
21,25,chat,all,-2,8,3.8675964e-05,3.8951635e-05,2.2081174e-06,3.7491322e-05,4.029274e-05,0.99998066,0.99998054,1.1013619e-06,0.99997984,0.99998125,85.813897,86.163681,0.95483942,85.8759,86.311594,85.812238,86.162128,0.95485692,85.874197,86.309921,0.19566392,0.19747948,0.0099134375,0.19290104,0.20092331,0.031122727,0.031651845,0.0032389496,0.030388409,0.033535531,0.15872171,0.16026614,0.010192666,0.1539619,0.16647177,0.076777759,0.076622373,0.0038326614,0.073423887,0.079887071,0,,0,24.5,25,1.9341314e-05,max_atoms=8
21,25,chat,all,-1,8,2.0615757e-05,2.1010637e-05,1.8250642e-06,1.9267201e-05,2.1979213e-05,0.99998969,0.99998951,9.1288834e-07,0.999989,0.99999036,85.168708,85.505852,1.1176457,84.755499,86.043644,85.16783,85.504894,1.117604,84.75461,86.04273,0.11942481,0.12166574,0.0071154597,0.11613588,0.12428462,0.024325757,0.025071595,0.0026823842,0.022167862,0.02598547,0.20403951,0.20018223,0.023111805,0.19100068,0.21981326,0.10642571,0.10456687,0.0062580026,0.10192268,0.11161178,0,,0,22.875,23.75,1.0308725e-05,max_atoms=3;no_positive_correlation=5
21,25,plain,all,-2,30,2.3627281e-05,2.387166e-05,9.4897607e-06,1.5303493e-05,2.8595328e-05,0.99998818,0.99998805,4.7387841e-06,0.99998569,0.99999234,97.343371,98.578716,7.0859842,94.760307,101.59681,97.342219,98.57793,7.0858735,94.759687,101.59603,0.1728814,0.17068377,0.034495362,0.15299706,0.19058202,0.025815122,0.020428307,0.0151884,0.016228139,0.026385895,0.14727112,0.11712738,0.077195408,0.10345181,0.16151131,0.072860731,0.05953795,0.034020743,0.05640776,0.077267119,0,,0,24.066667,25,1.1818896e-05,max_atoms=30
21,25,plain,all,-1,30,2.2216638e-05,2.104044e-05,7.2528217e-06,1.6912818e-05,2.4080276e-05,0.99998889,0.99998945,3.6250593e-06,0.99998793,0.99999151,91.873466,95.436749,10.445384,85.678495,99.186386,91.872468,95.435978,10.445426,85.677505,99.185472,0.16386592,0.16220234,0.021901357,0.14876053,0.17804184,0.021694589,0.01845511,0.011612701,0.015836819,0.023369789,0.13143882,0.11859205,0.060734705,0.09384354,0.14434918,0.064755922,0.058948524,0.022309499,0.052695109,0.067849391,0.1,0.087491125,0.033333333,24.5,25,1.1113906e-05,max_atoms=30
28,10,all,all,all,76,0.0072968994,0.0075691044,0.0022577535,0.0057140291,0.0088778883,0.99634424,0.99620828,0.0011331016,0.99555115,0.99713889,121.06293,122.12843,8.9744824,115.03643,127.73718,120.61784,121.70573,8.9090268,114.51465,127.27544,143.50269,143.93283,28.924254,122.70535,163.80264,35.312276,32.881302,11.193864,26.970404,41.808337,0.24674941,0.23343093,0.063663215,0.1923817,0.28413525,0.14841691,0.14271533,0.025023741,0.12927418,0.1635061,0.052631579,0.22540691,0.039473684,10,10,0.0036557666,max_atoms=76
28,10,chat,all,all,16,0.0041413084,0.0041937828,0.00066260461,0.0036520362,0.0044822544,0.99792715,0.9979009,0.00033203721,0.99775636,0.99817236,114.79472,116.58984,8.1778328,109.08443,120.27532,114.55608,116.35056,8.1506157,108.87706,120.04465,107.06926,107.75818,13.939565,98.641047,115.90122,26.502158,25.180381,6.7830552,21.019484,32.199463,0.24818269,0.2346689,0.058852569,0.20678714,0.27931982,0.15005925,0.14543022,0.023673558,0.12902772,0.16679095,0,,0,10,10,0.0020728564,max_atoms=16
28,10,plain,all,all,60,0.0081383904,0.0079607964,0.0017168786,0.0068740845,0.0091667473,0.99592213,0.99601164,0.00086219686,0.99540608,0.99655706,122.73445,123.05746,8.4784478,116.47679,128.37775,122.23431,122.53293,8.4488709,116.05904,127.94654,153.21828,147.70329,23.624674,137.38783,167.95871,37.661641,36.966095,10.99652,30.206842,45.643128,0.24636721,0.23343093,0.065351639,0.18550441,0.28687524,0.14797895,0.14181232,0.025545853,0.13069511,0.162478,0.066666667,0.22540691,0.05,10,10,0.0040778759,max_atoms=60
28,10,all,all,-2,38,0.0066758331,0.0068497062,0.0020456939,0.0055264235,0.0079593658,0.99665599,0.99656928,0.001026267,0.99601239,0.99723296,121.55483,122.12843,8.765622,116.58244,128.08894,121.14461,121.70573,8.6857928,116.27939,127.58596,131.93264,134.85584,25.45268,114.02292,147.28175,31.184724,30.449017,8.9922884,23.815368,38.356297,0.23714715,0.22760549,0.056366848,0.18420101,0.26437602,0.14378145,0.13862802,0.022214543,0.12768116,0.15176665,0.052631579,0.12422994,0.026315789,10,10,0.0033440184,max_atoms=38
28,10,all,all,-1,38,0.0079179657,0.0082925856,0.0023141977,0.0062607378,0.0093721747,0.99603248,0.99584508,0.0011617578,0.99530289,0.99686469,120.57102,121.9692,9.269645,113.32763,125.78677,120.09108,121.56779,9.2126931,112.83262,125.21333,155.07275,158.22067,27.803399,136.95053,171.56151,39.439829,37.391121,11.753136,30.70469,49.033598,0.25635168,0.25164443,0.069634318,0.20115808,0.30138238,0.15305237,0.15066013,0.027049524,0.13395748,0.16784062,0.052631579,0.32658388,0.052631579,10,10,0.0039675147,max_atoms=38
28,10,all,antonym,all,14,0.0073931302,0.0061081648,0.0033671984,0.0047532469,0.010241956,0.99629525,0.99694124,0.0016905176,0.99486579,0.99762054,124.31258,124.28487,4.7807172,120.18357,127.32862,123.85349,123.72156,4.8096866,119.51019,126.99397,148.01691,150.75656,35.434981,115.90122,171.83727,30.395408,31.42194,8.2798015,24.240717,34.327419,0.20684921,0.19817239,0.035154934,0.1819596,0.21889075,0.13370188,0.13351017,0.013089287,0.12376522,0.13967113,0,,0,10,10,0.0037047564,max_atoms=14
28,10,all,association,all,12,0.0070919991,0.0070823133,0.0019395841,0.0059494823,0.0088371038,0.99644726,0.99645254,0.00097307997,0.99557163,0.99702081,126.01204,126.24662,8.6942653,118.55566,131.65129,125.56078,125.9023,8.6043431,118.16815,131.06427,152.4862,151.71986,29.326856,136.66307,164.07317,43.361866,43.287228,10.815433,34.428595,49.381112,0.28403086,0.28048204,0.042471273,0.26113354,0.30852514,0.16199139,0.16020586,0.018695108,0.15226327,0.17469662,0.16666667,0.32658388,0.16666667,10,10,0.0035527443,max_atoms=12
28,10,all,counting,all,10,0.0079152822,0.0081584156,0.0018808332,0.0070710182,0.0091094971,0.99603409,0.99591237,0.00094397408,0.99543481,0.99645825,128.29213,127.25506,6.2743799,123.62932,134.10889,127.78077,126.62926,6.1945723,123.24494,133.60474,156.94407,155.82604,28.613421,137.06153,185.37826,35.739136,33.550915,6.9369132,30.205173,40.313046,0.23261784,0.22494099,0.053920129,0.20886697,0.24563234,0.14728758,0.1426661,0.022376353,0.13596132,0.16092493,0,,0,10,10,0.0039659119,max_atoms=10
28,10,all,factual,all,16,0.0075919852,0.0081627369,0.0024800802,0.0055220723,0.0092351586,0.99619605,0.99591029,0.0012444468,0.99537171,0.99723515,112.96145,113.78137,8.2740409,109.32019,116.9455,112.52779,113.29173,8.1845872,109.02088,116.53653,135.48608,145.00061,30.629914,110.17279,159.39942,34.794703,34.722902,12.876464,24.925418,42.785204,0.25564789,0.25821918,0.07250009,0.18291419,0.30625925,0.14854418,0.14706271,0.027073739,0.12443217,0.16443649,0.0625,0.21856277,0.0625,10,10,0.0038039531,max_atoms=16
28,10,all,multihop,all,12,0.0070358912,0.0071909428,0.0017190183,0.0065583289,0.0077523738,0.99647551,0.99639803,0.00086234645,0.99611628,0.99671547,119.56188,122.87403,8.3606529,111.45045,124.98728,119.13772,122.37397,8.2925613,110.99931,124.537,135.69099,139.59781,23.540868,125.84992,145.62074,34.121005,31.087687,12.311166,23.6699,39.03678,0.24863736,0.21942443,0.064107056,0.21151436,0.27248954,0.15268355,0.14538931,0.025009213,0.14031234,0.16138445,0,,0,10,10,0.0035244977,max_atoms=12
28,10,all,syntactic,all,12,0.0067417721,0.0074058175,0.0015539241,0.0057012141,0.007821545,0.99662313,0.99629024,0.00077940616,0.9960815,0.9971453,118.60123,117.12702,7.6728294,111.14922,126.00932,118.19774,116.831,7.5948788,110.74822,125.49584,136.55198,135.81797,19.126117,122.18355,147.05955,34.524686,32.721661,11.622188,25.982014,40.749274,0.25404194,0.25635486,0.082538041,0.17826205,0.29105391,0.14851473,0.13749908,0.034426197,0.12883036,0.15539596,0.083333333,0.029897101,0,10,10,0.0033768662,max_atoms=12
28,10,chat,all,-2,8,0.0036528707,0.0036266446,0.0003640033,0.0034902841,0.0037859082,0.9981719,0.99818507,0.00018235921,0.99810526,0.99825335,112.47832,113.7977,7.2282034,108.41439,118.88535,112.27223,113.58527,7.2072372,108.22063,118.63386,97.151726,97.202893,10.14465,91.863301,103.57363,24.920228,22.065895,7.8462575,19.030612,29.666571,0.25637273,0.23698679,0.072623437,0.2018451,0.29830645,0.15190699,0.1422751,0.029712051,0.12902772,0.17191842,0,,0,10,10,0.0018281173,max_atoms=8
28,10,chat,all,-1,8,0.0046297461,0.0044904649,0.00051284108,0.0043636411,0.0046423525,0.99768241,0.99775225,0.00025705795,0.9976761,0.99781577,117.11113,119.60747,8.876727,110.22695,125.0212,116.83994,119.29903,8.8593963,109.98265,124.75947,116.98679,116.54862,9.4154544,110.55189,119.10408,28.084088,28.645964,5.5954217,24.636947,32.801424,0.23999265,0.23245165,0.044660626,0.21293786,0.27851398,0.14821151,0.14876756,0.017616113,0.13848854,0.15886173,0,,0,10,10,0.0023175956,max_atoms=8
28,10,plain,all,-2,30,0.0074819565,0.0075691044,0.0014540193,0.0064767599,0.0081795603,0.99625175,0.99620828,0.00072991238,0.99590185,0.99675636,123.97523,123.80446,7.5255722,118.73071,128.57464,123.51057,123.29048,7.4973426,118.26107,128.02461,141.20755,141.43525,19.468123,128.30774,153.75601,32.855257,32.280339,8.6368262,26.279361,39.318378,0.23202033,0.22760549,0.051492396,0.1812714,0.26378508,0.14161464,0.13862802,0.019835782,0.12539144,0.14758767,0.066666667,0.12422994,0.033333333,10,10,0.0037482587,max_atoms=30
28,10,plain,all,-1,30,0.0087948243,0.0089217126,0.0017295338,0.0076252073,0.0094807148,0.9955925,0.99552912,0.00086881146,0.99524833,0.99618012,121.49366,121.9692,9.2966343,114.98072,127.97287,120.95805,121.56779,9.2546292,114.4886,127.43304,165.229,165.15558,21.401509,147.33613,175.19797,42.468026,41.938097,11.118726,32.663552,49.554273,0.26071408,0.2573009,0.074910718,0.19490428,0.31046954,0.15434327,0.15066013,0.029162022,0.13395748,0.16784062,0.066666667,0.32658388,0.066666667,10,10,0.0044074932,max_atoms=30
28,16,all,all,all,76,0.0077638963,0.0078680515,0.0023935662,0.0060860366,0.0095048696,0.99610977,0.9960582,0.0012015512,0.99523623,0.99695231,121.06293,122.12843,8.9744824,115.03643,127.73718,120.58928,121.68064,8.9045807,114.49442,127.25942,159.13991,160.37755,32.890377,136.10504,182.19772,31.643644,30.925878,10.252176,24.874142,39.785925,0.19929481,0.1918997,0.053957423,0.15410111,0.23366165,0.10815816,0.10332954,0.020296064,0.092990117,0.11839519,0.065789474,0.16520015,0.039473684,15.802632,16,0.0038902286,max_atoms=76
28,16,chat,all,all,16,0.00443317,0.0044541061,0.00071476841,0.0037837327,0.0048120916,0.9977809,0.99777046,0.00035821822,0.99759103,0.99810636,114.79472,116.58984,8.1778328,109.08443,120.27532,114.5393,116.33505,8.1494827,108.86637,120.03068,118.27569,118.58535,15.231144,111.858,128.18582,21.914337,21.123142,5.4137193,17.069359,26.420846,0.18704166,0.18578831,0.049384612,0.14602041,0.20318754,0.10782681,0.10047709,0.020206471,0.09470551,0.11769463,0,,0,15.875,16,0.0022191073,max_atoms=16
28,16,plain,all,all,60,0.00865209,0.0085127354,0.0018281713,0.007152468,0.0096943676,0.99566414,0.99573454,0.00091833138,0.99514101,0.99641737,122.73445,123.05746,8.4784478,116.47679,128.37775,122.20261,122.51174,8.44609,116.04236,127.92068,170.03704,167.45767,27.249771,151.87461,187.44622,34.238126,32.523312,9.6769661,26.55216,41.435999,0.20256232,0.19708846,0.055039251,0.16377335,0.23765993,0.10824652,0.10374821,0.020488946,0.092682205,0.11839519,0.083333333,0.16520015,0.05,15.783333,16,0.004335861,max_atoms=60
28,16,all,all,-2,38,0.0070569123,0.0071266294,0.0021382949,0.005889684,0.0084294826,0.99646473,0.99643034,0.0010729749,0.99577634,0.99705082,121.55483,122.12843,8.765622,116.58244,128.08894,121.12132,121.68064,8.683609,116.26992,127.55903,145.72008,148.41723,28.671367,126.80101,167.12373,28.017712,27.421185,8.4560621,22.309494,32.40987,0.19279754,0.18578831,0.047890711,0.15895452,0.21230034,0.10584841,0.10051073,0.019159789,0.092067312,0.1152016,0.078947368,0.095323191,0.026315789,15.763158,16,0.003535265,max_atoms=38
28,16,all,all,-1,38,0.0084708804,0.0091518462,0.0024523834,0.0068336427,0.009989813,0.99575481,0.99541351,0.0012314163,0.99499257,0.99657731,120.57102,121.9692,9.269645,113.32763,125.78677,120.05724,121.53328,9.205413,112.79206,125.1875,172.55974,172.21779,31.635824,148.14101,196.67323,35.269577,36.435377,10.702547,26.04836,43.903725,0.20579209,0.19466185,0.059340226,0.15037346,0.24738297,0.11046791,0.10404665,0.021376106,0.09402219,0.12276366,0.052631579,0.27001558,0.052631579,15.842105,16,0.0042451923,max_atoms=38
28,16,all,antonym,all,14,0.0078880531,0.006588012,0.0035113625,0.0051082224,0.010890856,0.99604671,0.99670053,0.0017633146,0.99453962,0.9974426,124.31258,124.28487,4.7807172,120.18357,127.32862,123.82253,123.6908,4.8069569,119.46364,126.96599,165.18593,168.52469,37.862931,129.64933,196.55008,27.341813,26.98488,8.2365582,21.615432,31.241786,0.16431908,0.16487218,0.024304416,0.1471669,0.18311687,0.094382198,0.094319168,0.0072939356,0.089510035,0.10084799,0,,0,15.785714,16,0.0039532893,max_atoms=14
28,16,all,association,all,12,0.0074709207,0.0074206591,0.0020164331,0.0064698011,0.0091333985,0.99625707,0.99628276,0.0010117916,0.99542286,0.99675982,126.01204,126.24662,8.6942653,118.55566,131.65129,125.53646,125.88516,8.5968964,118.15024,131.03977,166.86222,165.70425,31.318888,151.87461,176.14857,37.77643,37.881489,9.471993,31.039919,46.793607,0.22660263,0.2259656,0.041478229,0.20839078,0.25399581,0.11706542,0.12011395,0.017694057,0.10210017,0.13343612,0.16666667,0.27001558,0.16666667,15.916667,16,0.0037429314,max_atoms=12
28,16,all,counting,all,10,0.0084397852,0.0086860061,0.0020831818,0.007248342,0.0097818971,0.99577066,0.9956474,0.0010458447,0.99509703,0.99636924,128.29213,127.25506,6.2743799,123.62932,134.10889,127.74662,126.58562,6.1853553,123.22887,133.57788,172.5019,170.3315,36.123801,145.34061,205.01915,32.850096,31.795735,6.1575557,28.003244,35.226967,0.19456388,0.18916783,0.036298167,0.17866634,0.19922722,0.11102933,0.11116705,0.017176817,0.09910609,0.11661152,0,,0,15.8,16,0.0042293345,max_atoms=10
28,16,all,factual,all,16,0.0080851503,0.0087484717,0.0026840138,0.0057707578,0.0097981095,0.99594837,0.99561611,0.0013471255,0.99508889,0.99711046,112.96145,113.78137,8.2740409,109.32019,116.9455,112.49953,113.25077,8.1785462,109.00243,116.5201,150.5594,164.05827,36.264201,119.64931,173.89913,31.554388,31.417144,11.715871,22.957806,40.930167,0.20837309,0.21680153,0.058043624,0.15674728,0.24250768,0.10908834,0.10567513,0.020031313,0.092249786,0.12441792,0.0625,0.20568338,0.0625,15.8125,16,0.0040516324,max_atoms=16
28,16,all,multihop,all,12,0.0073809028,0.0075696409,0.0017765813,0.006909579,0.00801754,0.99630235,0.99620798,0.00089138317,0.99598314,0.99653924,119.56188,122.87403,8.3606529,111.45045,124.98728,119.11694,122.34559,8.2901117,110.98188,124.51666,148.96829,153.82055,26.25152,135.35003,162.46651,31.163742,27.846003,11.645183,23.786732,37.579604,0.2059286,0.19025167,0.055852128,0.17234634,0.21832333,0.11199006,0.10634881,0.019878592,0.09890173,0.11947218,0.083333333,0.029610072,0,15.583333,16,0.0036976521,max_atoms=12
28,16,all,syntactic,all,12,0.0073034366,0.0079354048,0.0016806644,0.0060843527,0.0085957199,0.99634126,0.9960244,0.00084323199,0.99569288,0.99695316,118.60123,117.12702,7.6728294,111.14922,126.00932,118.1642,116.8106,7.5909428,110.73245,125.43384,154.84124,153.53112,25.228866,138.45548,167.3393,30.123194,26.436266,11.146619,23.631984,34.131635,0.1979963,0.17340666,0.077972961,0.13980088,0.23028434,0.10785807,0.097865595,0.029932991,0.087800372,0.11698528,0.083333333,0.050676118,0,15.916667,16,0.0036587384,max_atoms=12
28,16,chat,all,-2,8,0.0039221123,0.0037821531,0.00045232816,0.0036833733,0.0041557848,0.998037,0.99810714,0.00022665219,0.99791993,0.99815667,112.47832,113.7977,7.2282034,108.41439,118.88535,112.25698,113.56983,7.2049872,108.21107,118.60948,107.57505,109.33292,11.875067,101.28168,117.59337,21.625477,19.847281,6.5122853,16.180562,26.537294,0.20183822,0.18578831,0.059761647,0.15198357,0.24382783,0.11170872,0.10079213,0.024727627,0.094521545,0.13453623,0,,0,16,16,0.0019629983,max_atoms=8
28,16,chat,all,-1,8,0.0049442276,0.0048056841,0.0005414694,0.0045757145,0.0050741881,0.99752479,0.99759427,0.00027144039,0.99745968,0.99770951,117.11113,119.60747,8.876727,110.22695,125.0212,116.82161,119.27786,8.8598994,109.97025,124.7428,128.97632,128.71605,9.7147791,119.78238,135.76155,22.203197,22.339237,4.4947794,19.132519,25.716136,0.17224509,0.17001173,0.033973528,0.14602041,0.19424273,0.10394491,0.10047709,0.015133812,0.096558494,0.10558664,0,,0,15.75,16,0.0024752163,max_atoms=8
28,16,plain,all,-2,30,0.007892859,0.0078394115,0.0015331184,0.0068714023,0.0086002946,0.99604546,0.99607256,0.00076985621,0.99569057,0.99655837,123.97523,123.80446,7.5255722,118.73071,128.57464,123.48514,123.27416,7.4979602,118.23073,127.98439,155.89209,158.83742,22.502253,139.97875,167.47872,29.722307,30.549845,8.1679795,24.51548,33.194853,0.19038669,0.1866014,0.045117406,0.16553026,0.2098261,0.10428566,0.10051073,0.017571928,0.091037245,0.11185126,0.1,0.095323191,0.033333333,15.7,16,0.0039545361,max_atoms=30
28,16,plain,all,-1,30,0.0094113211,0.0095281899,0.0018046052,0.0079294443,0.010235131,0.99528281,0.99522448,0.00090676355,0.99486926,0.9960274,121.49366,121.9692,9.2966343,114.98072,127.97287,120.92007,121.53328,9.2471672,114.4498,127.3919,184.18199,186.00135,24.298065,165.64316,202.75624,38.753945,40.4081,9.0337659,30.882029,46.136122,0.21473795,0.21132597,0.061812632,0.16393426,0.25138179,0.11220737,0.10846988,0.022645932,0.09402219,0.12483178,0.066666667,0.27001558,0.066666667,15.866667,16,0.0047171859,max_atoms=30
28,25,all,all,all,76,0.0080579339,0.0080659091,0.0025002452,0.0063777864,0.0099522769,0.9959621,0.99595889,0.0012552759,0.99501142,0.99680597,121.06293,122.12843,8.9744824,115.03643,127.73718,120.5713,121.65841,8.9019477,114.48259,127.2447,168.70853,167.33788,36.403047,142.29681,191.97832,29.325865,28.261666,9.1506589,22.396846,36.504378,0.17483073,0.16629182,0.046524804,0.14519594,0.20027094,0.087171913,0.084313176,0.018978316,0.072413783,0.096588736,0.092105263,0.1143883,0.039473684,24.144737,24.986842,0.0040378969,max_atoms=75;no_positive_correlation=1
28,25,chat,all,all,16,0.0045885034,0.0045700371,0.0007643964,0.0038632005,0.0049611777,0.99770305,0.9977124,0.00038311325,0.9975163,0.99806653,114.79472,116.58984,8.1778328,109.08443,120.27532,114.53043,116.32557,8.1498426,108.85874,120.02176,123.43815,123.55996,15.548926,117.51507,134.27184,19.60084,18.558532,5.2863444,15.867747,22.294203,0.16039711,0.15352272,0.045142174,0.13292599,0.18114722,0.088792953,0.082745897,0.021822746,0.072480774,0.099584664,0,,0,24.125,25,0.0022969592,max_atoms=16
28,25,plain,all,all,60,0.0089831154,0.0087825954,0.001913948,0.0073499084,0.010279074,0.99549785,0.995599,0.00096156152,0.99484721,0.99631822,122.73445,123.05746,8.4784478,116.47679,128.37775,122.18221,122.50029,8.4447114,116.03449,127.90947,180.78063,177.23249,30.316816,160.16392,199.54554,31.919205,31.198022,8.1762033,26.453716,37.318676,0.17867969,0.17225476,0.046496296,0.14754396,0.20431995,0.086739636,0.084817089,0.018326834,0.072413783,0.096588736,0.11666667,0.1143883,0.05,24.15,24.983333,0.0045021469,max_atoms=59;no_positive_correlation=1
28,25,all,all,-2,38,0.0072743642,0.0072704256,0.0022039652,0.0060362965,0.0087250024,0.99635558,0.99635813,0.0011060585,0.99562792,0.99697731,121.55483,122.12843,8.765622,116.58244,128.08894,121.10806,121.65841,8.6828239,116.26549,127.54456,153.96079,155.54468,31.327113,130.5497,176.61738,26.155415,26.39514,7.7559715,20.911521,30.018442,0.17089546,0.16656656,0.041712094,0.14819461,0.18908832,0.086709019,0.083119124,0.018649379,0.071424592,0.095287116,0.10526316,0.080421309,0.026315789,24.210526,24.973684,0.0036444209,max_atoms=37;no_positive_correlation=1
28,25,all,all,-1,38,0.0088415036,0.0094644725,0.0025598418,0.0070363879,0.010384038,0.99556863,0.99525648,0.0012855519,0.99479443,0.99647562,120.57102,121.9692,9.269645,113.32763,125.78677,120.03455,121.51683,9.2004281,112.75235,125.1741,183.45627,187.5844,35.468904,155.16996,216.38837,32.496315,33.058228,9.4302848,26.541457,38.380111,0.178766,0.16629182,0.051145946,0.14380814,0.21209398,0.087634807,0.085681911,0.019540933,0.072707963,0.10068294,0.078947368,0.15967761,0.052631579,24.078947,25,0.0044313729,max_atoms=38
28,25,all,antonym,all,14,0.0081858933,0.0069264174,0.0036123876,0.0052865297,0.011245564,0.9958971,0.99653077,0.0018142634,0.99436128,0.99735318,124.31258,124.28487,4.7807172,120.18357,127.32862,123.80387,123.67886,4.8048005,119.42469,126.93758,175.85921,180.1793,40.7581,137.94618,212.6593,25.233708,25.50602,7.3804632,20.525519,30.590069,0.14222605,0.14552947,0.020388375,0.12748284,0.15351515,0.074258757,0.074234931,0.0077693842,0.070574904,0.077386159,0.071428571,0.011796697,0,24,25,0.0041028941,max_atoms=14
28,25,all,association,all,12,0.007706821,0.0076087713,0.0021151792,0.0067640692,0.0093723536,0.99613863,0.99618837,0.0010614905,0.9953028,0.99661222,126.01204,126.24662,8.6942653,118.55566,131.65129,125.5212,125.8733,8.5905117,118.14196,131.01862,175.63379,175.29426,34.53674,159.96386,186.22089,33.96726,34.797415,7.904948,27.459222,40.431567,0.19562334,0.20623283,0.03977504,0.16167104,0.22252586,0.095018907,0.094929798,0.017849123,0.078371081,0.11142842,0.16666667,0.23361807,0.16666667,24.416667,25,0.0038613803,max_atoms=12
28,25,all,counting,all,10,0.0087631583,0.0090045035,0.0022480442,0.0073428899,0.010282636,0.9956082,0.99548745,0.001128808,0.99484539,0.99632177,128.29213,127.25506,6.2743799,123.62932,134.10889,127.72551,126.55905,6.1784238,123.2171,133.56375,183.09301,180.92423,41.353371,150.22939,220.18765,31.093545,29.314335,5.3553348,27.227626,32.59511,0.17366302,0.16908117,0.027775623,0.15157457,0.1862132,0.088863098,0.086519048,0.018314775,0.073965934,0.09158644,0,,0,24.2,25,0.0043917993,max_atoms=10
28,25,all,factual,all,16,0.00841913,0.0090876222,0.0028005221,0.0059178621,0.010390818,0.9957806,0.99544579,0.0014057941,0.99479102,0.99703671,112.96145,113.78137,8.2740409,109.32019,116.9455,112.48044,113.21802,8.1755337,108.99089,116.51079,159.70326,175.2397,39.020185,126.51001,188.06381,29.035017,29.222524,10.667138,20.445501,37.001284,0.18053701,0.18084932,0.046416816,0.14628293,0.20611002,0.087836236,0.085531842,0.019295889,0.070560383,0.10663815,0.0625,0.19895577,0.0625,23.9375,25,0.0042193959,max_atoms=16
28,25,all,multihop,all,12,0.0075558374,0.0077188909,0.0018168619,0.0070498884,0.008228451,0.99621454,0.99613306,0.00091168538,0.99587731,0.99646884,119.56188,122.87403,8.3606529,111.45045,124.98728,119.1065,122.33219,8.2903692,110.96512,124.50948,155.51445,162.24767,27.872197,140.62917,169.07654,29.527347,27.780354,10.51889,21.357359,36.518882,0.1872085,0.17928249,0.046888307,0.1624853,0.20890537,0.091935444,0.092238225,0.014213038,0.08211402,0.097141272,0.083333333,0.048808625,0,24.333333,25,0.0037854595,max_atoms=12
28,25,all,syntactic,all,12,0.0076925755,0.008079946,0.0018377891,0.0063708276,0.0092566758,0.9961459,0.99595186,0.00092229515,0.99536088,0.9968095,118.60123,117.12702,7.6728294,111.14922,126.00932,118.14087,116.79924,7.5866188,110.72146,125.39544,166.65483,160.53248,31.765438,146.80981,188.28137,28.171904,26.632573,10.271434,22.566333,30.932094,0.17306384,0.15039618,0.069810766,0.12421076,0.19812583,0.08733165,0.078804507,0.027824752,0.065821992,0.10186704,0.16666667,0.036960423,0,24.083333,24.916667,0.0038541033,max_atoms=11;no_positive_correlation=1
28,25,chat,all,-2,8,0.0040408969,0.0038613379,0.00047322254,0.0037703216,0.0042843223,0.99797748,0.99806747,0.00023711752,0.99785553,0.99811308,112.47832,113.7977,7.2282034,108.41439,118.88535,112.2503,113.56361,7.2048783,108.20477,118.60106,112.33702,115.47118,12.155536,107.26516,120.18535,19.656486,18.490729,6.0526487,15.867747,23.455307,0.17565843,0.16257717,0.052886972,0.14052194,0.22550757,0.09582265,0.087122475,0.025293116,0.078881879,0.12365789,0,,0,24.5,25,0.0020225233,max_atoms=8
28,25,chat,all,-1,8,0.0051361099,0.0049609244,0.0005854162,0.0047396421,0.0053775311,0.99742861,0.99751645,0.00029350908,0.99730761,0.99762736,117.11113,119.60747,8.876727,110.22695,125.0212,116.81055,119.26292,8.8619881,109.96023,124.73519,134.53927,134.50289,9.4148637,126.51001,141.51029,19.545194,18.558532,4.8209382,16.519281,22.056663,0.14513578,0.14402526,0.032208004,0.1186196,0.16872857,0.081763255,0.078058163,0.016364707,0.071243336,0.087695663,0,,0,23.75,25,0.0025713951,max_atoms=8
28,25,plain,all,-2,30,0.0081366221,0.008038193,0.0015779887,0.0070802271,0.0088361651,0.99592307,0.99597278,0.00079252036,0.99557209,0.99645361,123.97523,123.80446,7.5255722,118.73071,128.57464,123.47013,123.26687,7.4995437,118.21103,127.96355,165.06046,166.74372,24.719582,147.71921,177.75543,27.888463,26.727084,7.2902967,24.533994,30.796103,0.16962533,0.16976029,0.039202018,0.14956464,0.18308077,0.084278718,0.081896849,0.016133843,0.071408718,0.094366964,0.13333333,0.080421309,0.033333333,24.133333,24.966667,0.0040769269,max_atoms=29;no_positive_correlation=1
28,25,plain,all,-1,30,0.0098296086,0.0099935234,0.0018655143,0.0082380623,0.01077272,0.99507264,0.99499071,0.00093749883,0.99459901,0.99587248,121.49366,121.9692,9.2966343,114.98072,127.97287,120.89428,121.51683,9.2417715,114.43112,127.36133,196.5008,194.3903,27.341612,175.57064,218.44756,35.949948,36.64558,7.0173438,32.335595,40.484671,0.18773406,0.184096,0.051883951,0.14610039,0.22257439,0.089200554,0.087438843,0.020260718,0.072919889,0.10538097,0.1,0.15967761,0.066666667,24.166667,25,0.004927367,max_atoms=30
35,10,all,all,all,76,0.016787044,0.016836137,0.0044759195,0.01387696,0.019924566,0.99156842,0.99154618,0.0022562548,0.98998758,0.99303727,189.12739,187.59888,15.705999,178.05584,198.55485,187.52417,186.04177,15.471966,176.55737,196.93324,146.26591,145.35613,28.127509,126.45972,164.57699,40.149231,39.263187,11.84486,30.990525,49.702726,0.27873106,0.27601729,0.081676852,0.21259649,0.34501954,0.15026605,0.14389203,0.03390366,0.12178304,0.17120502,0.78947368,0.25569339,0.56578947,10,10,0.0084315779,max_atoms=76
35,10,chat,all,all,16,0.014434297,0.01327768,0.0049955422,0.010614559,0.018235236,0.99275363,0.99333894,0.0025174961,0.99084035,0.99467853,192.16803,190.152,15.520799,180.88982,198.40604,190.77048,189.01609,15.329225,179.57791,197.40604,129.2366,129.53061,26.904791,110.28036,151.83171,37.300947,38.269388,13.416819,25.650237,45.710573,0.28399556,0.27832003,0.07166988,0.21520049,0.32807955,0.15286633,0.14747647,0.030224499,0.12849497,0.16265794,0.3125,0.15473331,0.0625,10,10,0.0072463695,max_atoms=16
35,10,plain,all,all,60,0.017414444,0.017354667,0.0041497865,0.01543273,0.020025626,0.99125237,0.9912847,0.0020922208,0.9899365,0.99225362,188.31656,185.57874,15.784608,176.76518,198.55485,186.65849,184.24769,15.52214,175.83363,196.93324,150.80706,154.29009,26.871148,132.03862,170.05381,40.908773,39.263187,11.392809,32.566272,50.482038,0.27732719,0.27405837,0.084645106,0.20596726,0.34531491,0.14957264,0.14178948,0.03502288,0.12065756,0.17257143,0.91666667,0.26487158,0.7,10,10,0.0087476335,max_atoms=60
35,10,all,all,-2,38,0.017640065,0.019113988,0.0044205178,0.01489903,0.020416334,0.99113828,0.99039692,0.0022291751,0.98973918,0.99252252,184.56977,180.91021,15.532254,172.26257,194.45374,182.92371,179.45929,15.267788,170.7271,192.24218,144.44916,141.13232,27.577439,121.45986,161.77642,42.370504,44.716881,11.189873,36.244397,51.950566,0.29989669,0.30619779,0.084655494,0.25162285,0.34855353,0.1574955,0.15348223,0.037026798,0.13111011,0.17807078,0.86842105,0.27169388,0.63157895,10,10,0.0088617175,max_atoms=38
35,10,all,all,-1,38,0.015934023,0.016427189,0.0044242024,0.012852088,0.018834516,0.99199857,0.99175239,0.0022292807,0.99053799,0.99355319,193.68502,191.67398,14.700551,183.45836,202.54901,192.12464,190.26822,14.444905,181.91529,200.73589,148.08266,154.38728,28.920605,129.97535,167.43994,37.927957,36.853468,12.20841,30.444635,45.76289,0.25756542,0.22946336,0.073727743,0.20888967,0.29732328,0.14303661,0.13191022,0.029182943,0.12105314,0.15689144,0.71052632,0.23613724,0.5,10,10,0.0080014383,max_atoms=38
35,10,all,antonym,all,14,0.015400567,0.015608191,0.0030070036,0.014041334,0.017767891,0.99226876,0.99216521,0.0015147068,0.99107625,0.99295449,189.07966,190.95956,15.697959,177.26957,203.21603,187.6094,189.76929,15.46336,175.99157,201.4385,136.06628,133.58898,18.474367,121.97103,149.05297,46.369036,44.725082,10.842314,39.105043,57.439576,0.33984165,0.35314471,0.058136526,0.31002607,0.38279374,0.17231583,0.17482331,0.026575191,0.15278805,0.19168238,0.85714286,0.28736036,0.71428571,10,10,0.0077312371,max_atoms=14
35,10,all,association,all,12,0.019887318,0.020510942,0.0038967208,0.016104773,0.022417933,0.99000462,0.98969138,0.0019683527,0.98872751,0.99191494,209.00171,211.27563,17.744355,202.94359,218.12845,206.91497,209.21468,17.628613,200.83466,216.08758,175.22748,176.75887,18.67018,170.639,185.04216,43.356773,45.754065,9.2804812,36.199759,51.368068,0.25055864,0.26302663,0.059300583,0.21960086,0.29569549,0.13758486,0.14051248,0.019887208,0.12539732,0.15058913,0.83333333,0.17946243,0.25,10,10,0.0099953791,max_atoms=12
35,10,all,counting,all,10,0.01710484,0.019471735,0.0053701525,0.014560431,0.020892739,0.99140738,0.99021628,0.0027051001,0.98949845,0.99269286,188.0948,189.92403,9.3646942,182.44102,194.91667,186.48673,188.78861,9.4668444,180.72623,192.8281,150.83024,157.75153,34.968176,139.27963,171.73248,35.700686,33.370876,10.490678,30.830389,44.989465,0.24449492,0.22066651,0.077218375,0.18549748,0.30669332,0.13688618,0.12953191,0.025506503,0.11674827,0.1547055,0.8,0.22771982,0.6,10,10,0.0085926264,max_atoms=10
35,10,all,factual,all,16,0.017855611,0.018219233,0.0035118416,0.015705198,0.020153999,0.9910305,0.99084845,0.0017719103,0.98987165,0.99211633,183.30775,182.81852,9.2738727,178.21256,186.10264,181.66358,181.19126,9.1877673,176.61926,184.71207,148.38403,146.0438,19.651015,134.49997,162.57096,39.762551,40.024782,10.383655,29.918145,46.801574,0.26996877,0.2519066,0.074264119,0.21400483,0.30798167,0.14722705,0.13854198,0.030148781,0.12821925,0.16187479,0.875,0.24563779,0.5625,10,10,0.0089694989,max_atoms=16
35,10,all,multihop,all,12,0.016332095,0.016746968,0.003593519,0.014265299,0.019512281,0.99179883,0.99159116,0.0018105278,0.99019578,0.99284148,188.39874,188.85038,12.906487,177.58206,195.72944,186.85395,187.84049,12.801842,175.82196,194.15045,143.26501,143.7484,29.088074,119.7088,159.39293,40.062126,39.065769,13.091844,31.323063,50.616964,0.28683773,0.2530446,0.10716154,0.21066679,0.35484914,0.15629223,0.13428504,0.051325535,0.12059754,0.17923711,0.75,0.30812444,0.66666667,10,10,0.0082011853,max_atoms=12
35,10,all,syntactic,all,12,0.014069691,0.013563454,0.0058678633,0.0090604872,0.017813236,0.9929362,0.99319512,0.0029566097,0.99105293,0.99545948,178.65746,178.28123,10.904155,169.90656,184.79843,177.38284,177.01135,10.613497,168.9528,183.08149,125.57706,121.14833,26.823628,104.42683,148.59198,33.995047,31.095811,14.250499,21.04176,41.362782,0.26771427,0.23760097,0.084207476,0.20397078,0.33509604,0.14639823,0.13660293,0.034273114,0.11754251,0.16949315,0.58333333,0.29497818,0.58333333,10,10,0.0070637985,max_atoms=12
35,10,chat,all,-2,8,0.015916362,0.014174908,0.0051831461,0.012320936,0.019898802,0.99200689,0.99288723,0.0026140573,0.99000053,0.99382047,188.61176,185.97478,15.853954,177.07329,194.65757,187.09307,184.71568,15.560153,175.60658,193.47087,137.38736,135.59594,25.090904,114.39279,154.31776,40.599378,40.713793,12.993278,31.701547,50.286776,0.2923638,0.30184243,0.066103314,0.25582597,0.32807955,0.15201711,0.15337766,0.026175684,0.13803456,0.16265794,0.5,0.16554549,0.125,10,10,0.0079931116,max_atoms=8
35,10,chat,all,-1,8,0.012952231,0.011704892,0.0046465394,0.010093331,0.016033068,0.99350037,0.99413019,0.0023394703,0.99195097,0.99494049,195.7243,190.50179,15.36062,187.78899,199.18114,194.44788,189.56293,15.182585,186.63854,198.21975,121.08584,120.42045,27.744198,101.26936,144.32467,34.002516,33.723069,13.858025,21.656374,43.887306,0.27562732,0.24174195,0.08048123,0.21520049,0.3127701,0.15371556,0.14022215,0.035647282,0.12849497,0.16557729,0.125,0.11148458,0,10,10,0.0064996274,max_atoms=8
35,10,plain,all,-2,30,0.018099719,0.019316524,0.0041723783,0.015457496,0.020416334,0.99090666,0.99029467,0.0021040417,0.98973918,0.99224113,183.49191,179.50727,15.537822,170.61908,194.45374,181.81188,177.75099,15.260853,169.82705,192.24218,146.33231,141.13232,28.300632,124.86568,161.77642,42.842804,45.306934,10.858536,37.402801,51.950566,0.30190547,0.30807041,0.089827402,0.25162285,0.35564405,0.1589564,0.15366723,0.039665022,0.13111011,0.18247831,0.96666667,0.28633503,0.76666667,10,10,0.0090933458,max_atoms=30
35,10,plain,all,-1,30,0.016729168,0.016836137,0.0040810467,0.014856011,0.019353867,0.99159809,0.99154618,0.0020570483,0.99027579,0.99254417,193.14121,192.68404,14.741623,182.32774,202.54901,191.50511,190.87466,14.446065,180.81735,200.73589,155.28181,159.49196,25.033223,136.25333,171.88259,38.974742,36.853468,11.765255,31.376279,48.564679,0.25274891,0.22946336,0.072510985,0.19121059,0.29732328,0.14018889,0.13040778,0.027203022,0.11810295,0.15645544,0.86666667,0.24093157,0.63333333,10,10,0.0084019211,max_atoms=30
35,16,all,all,all,76,0.017459053,0.017861128,0.0045876471,0.014463305,0.020753145,0.99122937,0.9910292,0.0023132631,0.98956904,0.99274199,189.12739,187.59888,15.705999,178.05584,198.55485,187.46011,185.94799,15.467191,176.51191,196.83501,160.6868,158.01856,31.551108,138.73904,182.47987,37.199008,36.114428,11.94529,28.173145,47.124366,0.23592878,0.22782826,0.077357247,0.17059219,0.29917596,0.10986425,0.10119438,0.029674515,0.085630928,0.13075098,0.78947368,0.21958383,0.56578947,15.973684,16,0.008770627,max_atoms=76
35,16,chat,all,all,16,0.014838409,0.013718247,0.0050556254,0.011004344,0.018594235,0.99255,0.99311712,0.0025482562,0.99065919,0.99448261,192.16803,190.152,15.520799,180.88982,198.40604,190.73193,188.97051,15.334296,179.52879,197.3826,137.70337,139.37172,28.036868,116.89812,158.68584,33.263663,34.513405,13.314519,20.901721,43.72642,0.23603702,0.23511445,0.067896872,0.17059219,0.27900995,0.11161495,0.11030243,0.026720354,0.087834433,0.12787225,0.3125,0.14888748,0.0625,15.9375,16,0.0074499941,max_atoms=16
35,16,plain,all,all,60,0.018157891,0.01806584,0.0042304601,0.016112551,0.020887285,0.99087721,0.99092591,0.0021336227,0.98950127,0.99191102,188.31656,185.57874,15.784608,176.76518,198.55485,186.58762,184.18423,15.512974,175.7945,196.83501,166.81572,170.26593,29.734365,143.16835,186.7851,38.248434,36.440491,11.445325,30.016877,48.106565,0.23589992,0.22782826,0.080218003,0.17098163,0.30214065,0.1093974,0.10038585,0.030607269,0.083477944,0.13188369,0.91666667,0.22601077,0.7,15.983333,16,0.0091227958,max_atoms=60
35,16,all,all,-2,38,0.018355806,0.019774824,0.0044953307,0.015864462,0.020989165,0.99077706,0.99006319,0.0022676388,0.98944981,0.99203606,184.56977,180.91021,15.532254,172.26257,194.45374,182.85689,179.40237,15.259645,170.68288,192.1637,158.7493,156.7084,30.053233,137.05155,175.43877,39.277532,42.474747,11.73783,29.674177,49.656717,0.25415895,0.26212965,0.082508347,0.19921474,0.31064506,0.11557603,0.11359111,0.032696711,0.089821421,0.13379643,0.86842105,0.23322179,0.57894737,15.947368,16,0.0092229393,max_atoms=38
35,16,all,all,-1,38,0.0165623,0.017304718,0.0045609252,0.013199672,0.019349903,0.99168169,0.99130985,0.0022988218,0.99027778,0.99337822,193.68502,191.67398,14.700551,183.45836,202.54901,192.06333,190.23882,14.441342,181.81349,200.67769,162.6243,167.4414,33.270737,141.24963,184.02744,35.120485,33.803219,11.940925,26.693806,45.797253,0.21769862,0.19984377,0.068115721,0.16049347,0.26874884,0.10415248,0.098922178,0.025472849,0.083764231,0.12508748,0.71052632,0.20291521,0.55263158,16,16,0.0083183148,max_atoms=38
35,16,all,antonym,all,14,0.015937184,0.016281277,0.0030327831,0.014670908,0.018144667,0.99199831,0.99182594,0.001528024,0.99088618,0.99263741,189.07966,190.95956,15.697959,177.26957,203.21603,187.55872,189.72607,15.465192,175.92632,201.39688,148.14459,144.84039,19.679324,137.46661,157.7856,43.307691,43.369658,10.102965,35.921524,52.837869,0.2920433,0.31184159,0.052973698,0.27471589,0.32290391,0.12795618,0.13199658,0.023617899,0.11367445,0.14602037,0.85714286,0.25459178,0.71428571,16,16,0.0080016892,max_atoms=14
35,16,all,association,all,12,0.020613169,0.021001875,0.0037441676,0.017365649,0.023184881,0.98963809,0.98944333,0.0018920746,0.98833956,0.99127914,209.00171,211.27563,17.744355,202.94359,218.12845,206.83919,209.16222,17.629787,200.7696,216.02388,191.20731,193.94157,20.45153,182.09807,197.93641,39.191328,39.253336,10.074247,33.283668,48.106565,0.20868941,0.22345434,0.059576637,0.16871044,0.25791248,0.099402761,0.10117338,0.020032874,0.085336269,0.11818881,0.83333333,0.14864288,0.33333333,16,16,0.010361911,max_atoms=12
35,16,all,counting,all,10,0.018094581,0.020146728,0.0058773319,0.015279219,0.022307843,0.99090744,0.98987541,0.0029621473,0.98878306,0.99233069,188.0948,189.92403,9.3646942,182.44102,194.91667,186.39362,188.73767,9.4831628,180.6591,192.66566,168.38621,171.155,41.396207,157.12424,196.70581,32.382396,30.808878,10.89774,25.883322,40.117494,0.19794888,0.17759903,0.067956097,0.1516764,0.24007792,0.095574263,0.092771447,0.020689243,0.081963752,0.10259103,0.8,0.1904849,0.6,16,16,0.0090925705,max_atoms=10
35,16,all,factual,all,16,0.018450312,0.019013166,0.0035384013,0.016059384,0.020940125,0.99073039,0.99044776,0.0017858266,0.98947455,0.99193783,183.30775,182.81852,9.2738727,178.21256,186.10264,181.60865,181.13052,9.1872667,176.56907,184.62056,161.70319,157.41459,22.16815,146.39179,177.48083,37.067267,36.874086,10.870839,28.731362,45.852347,0.23124344,0.20237543,0.073104584,0.17968876,0.28155547,0.10988553,0.10204564,0.02746804,0.089314649,0.1285119,0.875,0.21077318,0.625,15.9375,16,0.0092696144,max_atoms=16
35,16,all,multihop,all,12,0.016966447,0.017561227,0.0037249793,0.015150711,0.020025313,0.99147886,0.99118048,0.0018772191,0.98993672,0.9923954,188.39874,188.85038,12.906487,177.58206,195.72944,186.79212,187.8091,12.771867,175.7855,194.06756,158.59789,156.66641,33.22841,134.35538,175.77784,37.248396,36.44743,13.410208,26.273094,48.800491,0.24226376,0.2204506,0.098503346,0.17811109,0.31249322,0.11364195,0.099683138,0.041388636,0.085540313,0.13651579,0.75,0.260608,0.58333333,16,16,0.0085211397,max_atoms=12
35,16,all,syntactic,all,12,0.014721771,0.014024466,0.00594671,0.0097227693,0.018856168,0.99260768,0.99296299,0.0029970974,0.99052674,0.99512674,178.65746,178.28123,10.904155,169.90656,184.79843,177.32465,176.92303,10.619905,168.91634,183.04413,139.1164,134.3215,30.836678,115.39418,165.84696,32.220004,30.457456,14.581908,19.180284,38.826685,0.22926327,0.2053126,0.08314836,0.16222341,0.30214065,0.10732076,0.094459817,0.033272447,0.08202763,0.13464578,0.58333333,0.25904627,0.5,15.916667,16,0.0073923222,max_atoms=12
35,16,chat,all,-2,8,0.016437583,0.014812589,0.0051855591,0.0128849,0.020287022,0.99174413,0.99256605,0.0026159451,0.98980445,0.99353665,188.61176,185.97478,15.853954,177.07329,194.65757,187.04399,184.65333,15.563216,175.5559,193.4299,147.84766,146.60953,26.734938,123.94174,162.88192,36.313759,37.834753,13.803855,23.667685,45.769008,0.24080525,0.25656275,0.065964712,0.19716252,0.27231872,0.10999558,0.11359111,0.023743469,0.090273374,0.12017941,0.5,0.15284941,0.125,15.875,16,0.008255865,max_atoms=8
35,16,chat,all,-1,8,0.013239235,0.012105346,0.0046941047,0.010274559,0.016281202,0.99335588,0.99392879,0.0023637457,0.99182589,0.99484941,195.7243,190.50179,15.36062,187.78899,199.18114,194.41987,189.54437,15.184578,186.60373,198.19738,127.55908,127.29938,27.100833,108.81351,149.31451,30.213566,28.807549,12.964081,19.753865,41.080124,0.2312688,0.20440736,0.073994788,0.17059219,0.28791565,0.11323433,0.099907323,0.030987176,0.087834433,0.13497235,0.125,0.13303972,0,16,16,0.0066441232,max_atoms=8
35,16,plain,all,-2,30,0.018867332,0.020004839,0.0042433696,0.016241282,0.020989165,0.99051918,0.98994705,0.0021405909,0.98944981,0.99184607,183.49191,179.50727,15.537822,170.61908,194.45374,181.74033,177.68981,15.248006,169.79927,192.1637,161.6564,157.24948,30.631672,139.54264,179.60694,40.067871,42.541044,11.25703,34.420578,49.656717,0.25771993,0.26561454,0.087022751,0.19921474,0.31376249,0.11706415,0.11506355,0.034885991,0.089821421,0.13825849,0.96666667,0.24430764,0.7,15.966667,16,0.0094808257,max_atoms=30
35,16,plain,all,-1,30,0.017448451,0.017861128,0.0041669185,0.016006455,0.019795954,0.99123523,0.9910292,0.0021010306,0.99005257,0.9919645,193.14121,192.68404,14.741623,182.32774,202.54901,191.43492,190.7672,14.439129,180.75869,200.67769,171.97503,177.4742,28.37922,149.6531,189.02742,36.428997,33.803219,11.529886,29.904752,46.766112,0.2140799,0.19984377,0.067332973,0.15633265,0.25822401,0.10173065,0.098922178,0.023817417,0.083194915,0.11931766,0.86666667,0.20560273,0.7,16,16,0.0087647659,max_atoms=30
35,25,all,all,all,76,0.017819472,0.01832965,0.0046562646,0.014807522,0.020997837,0.99104747,0.99079278,0.0023482537,0.98944537,0.9925686,189.12739,187.59888,15.705999,178.05584,198.55485,187.42569,185.89203,15.46389,176.4863,196.79496,170.30727,169.29886,34.264055,144.92303,194.00241,35.281257,34.904432,11.974093,26.056393,45.695986,0.21204632,0.20197686,0.07556644,0.14493474,0.27352779,0.087630639,0.080220859,0.028367865,0.064086905,0.10568115,0.84210526,0.18902793,0.57894737,24.894737,25,0.0089525314,max_atoms=76
35,25,chat,all,all,16,0.015038654,0.014085829,0.0050615007,0.011215582,0.018761024,0.99244912,0.99293205,0.0025514171,0.99057499,0.99437638,192.16803,190.152,15.520799,180.88982,198.40604,190.71291,188.95062,15.337894,179.49546,197.37076,143.80837,144.8324,28.160143,124.60237,163.88578,30.420089,29.633529,12.583565,19.661439,41.442268,0.20641498,0.19790157,0.062453986,0.15579655,0.25419937,0.088389201,0.082452018,0.023148285,0.071132878,0.10368883,0.375,0.12052992,0.125,24.75,25,0.007550885,max_atoms=16
35,25,plain,all,all,60,0.018561023,0.018611103,0.0042884493,0.016527414,0.02124165,0.99067369,0.99065077,0.0021632912,0.98932214,0.99170187,188.31656,185.57874,15.784608,176.76518,198.55485,186.5491,184.14897,15.506767,175.7809,196.79496,177.37365,178.20813,32.397405,151.619,197.32463,36.577568,35.101555,11.570935,28.446194,46.614087,0.21354801,0.206538,0.079096735,0.14052522,0.27531784,0.087428356,0.080220859,0.029774826,0.063087027,0.10649893,0.96666667,0.19611394,0.7,24.933333,25,0.0093263038,max_atoms=60
35,25,all,all,-2,38,0.018740698,0.02008611,0.004536157,0.016080052,0.021405578,0.99058275,0.98990598,0.0022886852,0.98923931,0.99192739,184.56977,180.91021,15.532254,172.26257,194.45374,182.821,179.36243,15.25586,170.66247,192.11612,168.94729,167.4973,32.105114,145.26471,187.7545,37.517227,39.412409,12.178478,26.694697,47.816026,0.22927919,0.23628756,0.082819857,0.16731251,0.29264976,0.092728552,0.093127616,0.031828032,0.065453557,0.1134973,0.92105263,0.20397449,0.60526316,24.842105,25,0.0094172464,max_atoms=38
35,25,all,all,-1,38,0.016898246,0.01792261,0.0046505547,0.013337389,0.019659519,0.99151219,0.99099818,0.002344343,0.99012145,0.9933089,193.68502,191.67398,14.700551,183.45836,202.54901,192.03039,190.22364,14.43721,181.76109,200.6531,171.66725,176.45318,36.677568,146.09716,195.57181,33.045286,31.892175,11.491223,25.525607,42.512388,0.19481344,0.18856868,0.064076365,0.14194946,0.24522037,0.082532726,0.075367548,0.023765843,0.063769409,0.10113337,0.76315789,0.17098899,0.55263158,24.947368,25,0.0084878164,max_atoms=38
35,25,all,antonym,all,14,0.01620365,0.01657474,0.0030583163,0.015020818,0.018351927,0.99186397,0.991678,0.0015410764,0.99078153,0.99246113,189.07966,190.95956,15.697959,177.26957,203.21603,187.53351,189.70605,15.465476,175.89707,201.37376,156.58146,151.99836,20.195952,145.50574,165.13199,41.083368,41.738455,9.2141939,35.488051,48.923133,0.26274634,0.27441013,0.049257459,0.25255076,0.29224098,0.10247064,0.10390754,0.021012671,0.093011178,0.11603685,0.92857143,0.21699506,0.71428571,24.857143,25,0.0081360265,max_atoms=14
35,25,all,association,all,12,0.021005283,0.021213382,0.0036309396,0.018063217,0.023577303,0.98944005,0.98933643,0.0018352262,0.98814103,0.99092723,209.00171,211.27563,17.744355,202.94359,218.12845,206.79779,209.13824,17.624561,200.74178,215.99305,201.48866,198.10802,24.001269,190.49462,212.29451,36.403932,36.066854,10.369335,28.125569,45.88206,0.18534296,0.20197686,0.059757316,0.13329822,0.23250272,0.078913887,0.078495378,0.021700689,0.064965025,0.093694903,0.83333333,0.13311437,0.33333333,24.916667,25,0.010559946,max_atoms=12
35,25,all,counting,all,10,0.018630069,0.020556539,0.0061645323,0.015600204,0.02299577,0.9906368,0.98966834,0.0031078575,0.98843513,0.99216892,188.0948,189.92403,9.3646942,182.44102,194.91667,186.3433,188.7113,9.4938416,180.61678,192.58243,180.7443,183.40234,45.295886,165.63249,213.63417,30.754162,29.564317,11.516423,22.331933,39.507189,0.17476866,0.15306067,0.066673803,0.13009728,0.2138785,0.07370928,0.066494497,0.019543885,0.061994065,0.082646592,0.8,0.1727708,0.6,24.9,25,0.00936321,max_atoms=10
35,25,all,factual,all,16,0.018751822,0.019405484,0.003529197,0.016232774,0.021113589,0.99057821,0.99024969,0.0017814284,0.98938689,0.99185038,183.30775,182.81852,9.2738727,178.21256,186.10264,181.58075,181.10161,9.1861098,176.54634,184.56589,169.95212,167.24766,24.671528,152.17232,188.17169,35.422252,35.845236,11.644831,28.259787,45.65235,0.21124569,0.18856868,0.077427505,0.16053025,0.26348093,0.090174318,0.085735009,0.028197727,0.068267513,0.10464764,0.875,0.19458285,0.6875,24.8125,25,0.009421786,max_atoms=16
35,25,all,multihop,all,12,0.017334069,0.018121243,0.0038277027,0.015522093,0.020251572,0.99129336,0.99089795,0.0019292895,0.98982243,0.99220827,188.39874,188.85038,12.906487,177.58206,195.72944,186.7564,187.79105,12.756686,175.76472,194.02241,169.75379,167.03991,36.806871,144.46131,189.53276,35.786976,34.365067,13.112476,25.336138,47.84472,0.21867254,0.19342957,0.092829874,0.15741951,0.28327334,0.08959123,0.071988459,0.038422304,0.062258495,0.109674,0.83333333,0.21250058,0.58333333,25,25,0.0087066446,max_atoms=12
35,25,all,syntactic,all,12,0.015085558,0.014283925,0.0060158671,0.010168463,0.019419327,0.99242431,0.99283233,0.0030324322,0.99024253,0.99490274,178.65746,178.28123,10.904155,169.90656,184.79843,177.29235,176.87524,10.626778,168.89696,183.02245,147.46884,144.1935,33.379187,123.29886,174.5648,30.468317,27.281162,14.69453,17.368631,36.86287,0.20510564,0.17813723,0.081558169,0.14697523,0.28938424,0.085283023,0.073633596,0.032589761,0.059646338,0.11513627,0.75,0.19048625,0.5,24.916667,25,0.0075756875,max_atoms=12
35,25,chat,all,-2,8,0.016715534,0.015130937,0.0051311623,0.013274089,0.0205051,0.99160405,0.99240565,0.0025888308,0.98969428,0.99334076,188.61176,185.97478,15.853954,177.07329,194.65757,187.0178,184.6179,15.564504,175.53025,193.40247,156.02117,157.58993,24.939393,132.84089,169.84359,32.711062,33.378217,13.504068,20.265115,42.611287,0.2044574,0.2096467,0.062947693,0.15952472,0.24465968,0.084289346,0.084696829,0.02167172,0.063527321,0.097754104,0.625,0.12062743,0.25,24.625,25,0.0083959502,max_atoms=8
35,25,chat,all,-1,8,0.013361774,0.012288153,0.0047054565,0.010368556,0.016358107,0.99329419,0.99383682,0.0023696083,0.99178709,0.99480221,195.7243,190.50179,15.36062,187.78899,199.18114,194.40801,189.53542,15.187062,186.58968,198.18781,131.59557,130.8801,27.1363,112.31973,152.89781,28.129115,26.612143,12.039789,18.984471,38.525058,0.20837256,0.18692679,0.066234763,0.15480146,0.26627104,0.092489056,0.082304583,0.025301217,0.072862896,0.1095434,0.125,0.12004234,0,24.875,25,0.0067058197,max_atoms=8
35,25,plain,all,-2,30,0.019280742,0.020351022,0.0042970605,0.01656583,0.021585509,0.9903104,0.98977217,0.0021681477,0.98914838,0.9916825,183.49191,179.50727,15.537822,170.61908,194.45374,181.70185,177.65263,15.241923,169.78847,192.11612,172.39426,170.31399,33.26507,147.05138,191.58498,38.798871,40.198631,11.710702,29.697132,48.611134,0.23589834,0.25012818,0.087060723,0.17804579,0.29425381,0.094979008,0.093127616,0.033973891,0.068028819,0.11636222,1,0.21786566,0.7,24.9,25,0.0096895921,max_atoms=30
35,25,plain,all,-1,30,0.017841305,0.018397242,0.0042283944,0.016404286,0.020057306,0.99103699,0.99075866,0.0021323933,0.98992056,0.9917639,193.14121,192.68404,14.741623,182.32774,202.54901,191.39635,190.70615,14.432016,180.72211,200.6531,182.35303,187.76757,31.265206,158.43452,199.00803,34.356265,31.892175,11.182157,27.690589,45.667817,0.19119768,0.18856868,0.06415003,0.13746878,0.23634035,0.079877704,0.074617605,0.023053613,0.061462586,0.097280487,0.93333333,0.17280851,0.7,24.966667,25,0.0089630156,max_atoms=30
38,10,all,all,all,76,0.015140558,0.014389485,0.0051201583,0.011329636,0.019141078,0.99239754,0.99277917,0.0025814111,0.99038322,0.9943191,169.22244,167.98234,13.522445,158.26608,179.11495,167.94365,166.60319,13.531292,156.97201,178.31588,82.989192,81.0776,16.72685,70.756213,94.112834,25.819115,25.890154,7.8166535,19.86623,31.628628,0.31846793,0.31581878,0.098332242,0.24359933,0.39244372,0.1736462,0.15788104,0.050020426,0.13579545,0.20409186,0.84210526,0.31153261,0.75,10,10,0.0076024609,max_atoms=76
38,10,chat,all,all,16,0.010768414,0.0098579228,0.0037147782,0.008459121,0.012032583,0.99459957,0.99505883,0.0018693866,0.99396552,0.99576144,173.67162,173.48875,14.697287,162.55678,180.4924,172.73914,172.27763,14.694435,161.66135,179.83891,67.388454,66.978035,12.219717,61.900141,74.739939,21.849191,22.327377,6.2908162,17.519167,27.024183,0.32568015,0.35297132,0.079280527,0.25827196,0.39398727,0.1798783,0.18660045,0.037427048,0.14695399,0.20552508,0.3125,0.25025989,0.1875,10,10,0.0054004247,max_atoms=16
38,10,plain,all,all,60,0.016306463,0.015608817,0.0048219089,0.012675241,0.020390734,0.99181033,0.99216491,0.0024324255,0.98975214,0.99364214,168.03599,165.32436,13.06626,157.63096,176.5118,166.66485,164.24235,13.036602,156.24375,174.88058,87.149389,86.463353,15.300204,75.654479,97.116013,26.877761,26.64575,7.8863551,20.823374,32.104971,0.31654467,0.31144942,0.10332252,0.24180465,0.37818541,0.17198431,0.15613504,0.053019716,0.13352579,0.20143867,0.98333333,0.31672521,0.9,10,10,0.0081896706,max_atoms=60
38,10,all,all,-2,38,0.017114614,0.017422885,0.0053738298,0.012691125,0.020814717,0.99140216,0.99125019,0.0027112031,0.98953794,0.99363415,165.45475,161.08053,12.703432,156.48193,174.05875,164.03786,159.49307,12.687753,155.09838,172.97314,83.554419,80.840149,14.835521,73.388124,93.539635,28.669334,28.285102,8.2592471,23.731964,34.026952,0.3507716,0.34833372,0.10606151,0.27048931,0.44019992,0.18952018,0.17941151,0.055936763,0.14590449,0.22967728,0.89473684,0.35024452,0.81578947,10,10,0.0085978412,max_atoms=38
38,10,all,all,-1,38,0.013166501,0.012894124,0.004032133,0.010187685,0.015903667,0.99339292,0.99353197,0.0020302023,0.99201633,0.99489312,172.99013,171.84993,13.420866,164.2979,179.92383,171.84944,170.5661,13.372593,163.45103,178.83144,82.423966,81.688966,18.6115,66.692452,95.149326,22.968896,22.243189,6.2409705,18.754692,27.814077,0.28616425,0.27825269,0.078786326,0.23974225,0.32772001,0.15777223,0.14944002,0.037751829,0.13272149,0.17507502,0.78947368,0.26765911,0.68421053,10,10,0.0066070807,max_atoms=38
38,10,all,antonym,all,14,0.01561637,0.014868885,0.0058544168,0.011274695,0.019138291,0.99215701,0.99253768,0.0029513008,0.99038461,0.99434662,169.68227,170.77753,12.705505,157.84849,179.81962,168.37414,169.3905,12.945712,155.93,178.86655,79.564765,78.795007,11.826972,75.892168,87.532581,30.08742,28.525228,7.6625241,25.65848,34.488527,0.38102336,0.35499598,0.08908778,0.32125328,0.46881736,0.20702925,0.2124942,0.055404536,0.15718319,0.2573885,0.78571429,0.37440302,0.78571429,10,10,0.0078429818,max_atoms=14
38,10,all,association,all,12,0.01500996,0.013926238,0.0038971604,0.012310356,0.017385155,0.99246488,0.99301246,0.0019639448,0.99126893,0.99382576,187.23032,188.24294,13.453146,180.35308,197.97915,185.83672,186.65852,13.60757,179.02205,196.78537,95.070271,93.805934,13.987408,87.509623,105.87239,22.16592,23.55758,5.9208058,15.951032,26.415493,0.23748514,0.23877161,0.068397233,0.20061958,0.30232377,0.14005028,0.14413603,0.022371389,0.12454284,0.15554482,0.75,0.23879444,0.66666667,10,10,0.007535132,max_atoms=12
38,10,all,counting,all,10,0.018435585,0.021041393,0.005585774,0.01710622,0.021913737,0.99073574,0.98942336,0.0028143513,0.98898242,0.99140953,167.00685,169.436,9.9925131,161.42856,173.4866,165.47527,167.62135,10.195177,159.72142,172.4772,90.12037,95.005586,24.269857,76.391612,108.73915,26.152427,29.718772,8.2066866,22.393816,32.277292,0.29530693,0.26409293,0.087244651,0.23334166,0.34442238,0.15905704,0.14500534,0.040734775,0.12934691,0.17231925,0.9,0.28007676,0.7,10,10,0.0092642643,max_atoms=10
38,10,all,factual,all,16,0.013389219,0.012945741,0.0031925695,0.011016384,0.015174508,0.9932816,0.99350601,0.0016075627,0.99238366,0.99447656,164.54545,163.79933,8.9979625,159.07964,167.89151,163.43957,162.79273,8.9234705,158.13918,167.00776,78.550681,77.540458,11.101167,68.816171,85.883134,25.187058,26.64575,6.1448599,19.496856,29.713599,0.32431922,0.31581878,0.083817308,0.27617474,0.39563658,0.17237269,0.16222894,0.042245544,0.1375398,0.20407736,0.875,0.31618419,0.75,10,10,0.0067183885,max_atoms=16
38,10,all,multihop,all,12,0.015008822,0.014837176,0.0030460387,0.012920305,0.016363233,0.99246614,0.99255371,0.0015347789,0.99178451,0.9935188,168.14119,171.84993,11.905576,156.80453,176.2437,166.8829,170.64287,11.943391,155.24957,175.26495,82.151082,78.552135,14.524339,71.881649,92.769077,26.431708,25.427791,7.5532589,21.192792,32.12278,0.33507488,0.33303038,0.12124005,0.24619989,0.39423304,0.1867318,0.17483751,0.063313622,0.14641032,0.20566253,0.91666667,0.32932206,0.75,10,10,0.0075338643,max_atoms=12
38,10,all,syntactic,all,12,0.01443704,0.010976613,0.0076908715,0.0086538494,0.018803269,0.9927483,0.99449655,0.0038804638,0.99055347,0.99566366,159.84166,158.50973,7.3178394,156.18079,164.58886,158.67149,157.54055,7.022387,155.50353,162.93696,75.716755,67.735343,19.448785,61.533704,95.097972,24.44501,20.676331,10.373158,18.143894,27.445559,0.32136153,0.32716591,0.091540049,0.24609039,0.39244372,0.16906529,0.16524487,0.045563312,0.12725666,0.20143867,0.83333333,0.31006917,0.83333333,10,10,0.007251706,max_atoms=12
38,10,chat,all,-2,8,0.01184459,0.01103282,0.0036305911,0.0096052289,0.012941748,0.99405859,0.99446821,0.0018277615,0.99350798,0.99518575,169.3661,165.7341,15.337068,157.164,176.72815,168.36058,164.50461,15.263265,156.14371,175.87596,73.337001,72.592521,11.097158,63.214617,78.114045,22.879536,25.059907,7.2302022,16.78506,27.476823,0.31280804,0.32566683,0.092359804,0.24303807,0.39398727,0.17197094,0.17835029,0.039914447,0.14346664,0.20552508,0.625,0.25025989,0.375,10,10,0.0059414125,max_atoms=8
38,10,chat,all,-1,8,0.0096922368,0.0086720884,0.0037070359,0.0071022063,0.010191754,0.99514056,0.99565452,0.0018651482,0.99489105,0.99644257,177.97714,174.44338,13.611831,170.97129,181.30721,177.1177,173.63831,13.63492,169.64879,180.67678,61.439906,63.067786,10.767879,52.591074,69.05979,20.818845,20.810697,5.4863333,18.090607,23.909133,0.33855226,0.36038108,0.067525274,0.29204482,0.37193138,0.18778565,0.18660045,0.035575267,0.1697929,0.20905583,0,,0,10,10,0.0048594369,max_atoms=8
38,10,plain,all,-2,30,0.018519954,0.019548595,0.0048947008,0.01491411,0.021279171,0.99069378,0.99017742,0.0024710808,0.98930319,0.99251495,164.41173,161.08053,11.990442,156.09304,172.46407,162.88513,159.49307,11.94254,154.98869,170.52111,86.279063,84.326462,14.64938,76.615281,95.77881,30.21328,31.43946,7.9184271,24.862471,35.014283,0.36089522,0.35826171,0.10857983,0.29627172,0.44737788,0.19419997,0.17941151,0.059159962,0.14664051,0.24061372,0.96666667,0.36748325,0.93333333,10,10,0.0093062222,max_atoms=30
38,10,plain,all,-1,30,0.014092972,0.014092177,0.0036343202,0.01194942,0.015991777,0.99292688,0.99292892,0.0018307953,0.9919719,0.9940073,171.66026,170.53027,13.281351,160.31762,179.81962,170.44457,168.90266,13.175143,159.41384,178.66925,88.019715,90.506498,16.127408,74.710126,98.71592,23.542242,23.15926,6.388559,18.886502,28.743198,0.27219412,0.26896419,0.076550851,0.22265919,0.32251541,0.14976865,0.14487796,0.034613661,0.12718563,0.1599277,1,0.26765911,0.86666667,10,10,0.0070731191,max_atoms=30
38,16,all,all,all,76,0.01559229,0.014930069,0.0052329079,0.011772484,0.019529328,0.99216976,0.99250686,0.0026388727,0.9901872,0.99409631,169.22244,167.98234,13.522445,158.26608,179.11495,167.9053,166.54766,13.530931,156.94206,178.29204,90.229856,88.601659,18.813208,76.838539,102.2545,24.615749,24.781165,7.9499306,19.039769,29.839584,0.28044995,0.27452185,0.093744508,0.2112064,0.35327994,0.13424973,0.11792008,0.046100247,0.10148353,0.16910929,0.84210526,0.27285693,0.75,15.947368,16,0.0078302364,max_atoms=76
38,16,chat,all,all,16,0.010977153,0.01013732,0.0037368483,0.0086374581,0.012287959,0.99449461,0.99491841,0.0018806218,0.99383701,0.99567187,173.67162,173.48875,14.697287,162.55678,180.4924,172.7214,172.25829,14.698995,161.63836,179.82537,71.587473,70.98829,13.192436,65.857452,79.438536,20.734666,20.778859,6.5779976,15.749617,26.457215,0.29012287,0.31822655,0.075367248,0.21307416,0.3491476,0.14324098,0.14193038,0.036612709,0.11336671,0.17025983,0.3125,0.21695111,0.25,15.9375,16,0.0055053889,max_atoms=16
38,16,plain,all,all,60,0.016822993,0.016189992,0.0048931277,0.01348412,0.020854831,0.9915498,0.99187195,0.0024690727,0.98951766,0.99323502,168.03599,165.32436,13.06626,157.63096,176.5118,166.62101,164.2178,13.032209,156.17511,174.83663,95.201158,95.220874,16.920155,81.680694,105.55463,25.650704,25.861884,8.0103547,19.735259,30.847562,0.2778705,0.26682817,0.098463008,0.20717988,0.35327994,0.13185206,0.11607707,0.048301084,0.098422977,0.164075,0.98333333,0.27759472,0.88333333,15.95,16,0.0084501958,max_atoms=60
38,16,all,all,-2,38,0.017580332,0.017664284,0.0054419285,0.013470486,0.0211927,0.99116715,0.99112841,0.0027463209,0.98934689,0.99324194,165.45475,161.08053,12.703432,156.48193,174.05875,163.99906,159.4535,12.685946,155.07835,172.95376,90.74297,88.601659,16.402607,79.641475,99.05523,27.419307,27.254933,8.5819036,20.656931,33.100182,0.30984214,0.31511461,0.10169033,0.23951165,0.39230853,0.14793149,0.13432819,0.050606494,0.10884918,0.18261691,0.89473684,0.30967686,0.84210526,15.894737,16,0.0088328461,max_atoms=38
38,16,all,all,-1,38,0.013604247,0.013534933,0.0042159092,0.010686219,0.016224965,0.99317238,0.99320945,0.0021233068,0.99185432,0.99464257,172.99013,171.84993,13.420866,164.2979,179.92383,171.81153,170.54356,13.373299,163.43754,178.81121,89.716742,88.693874,21.162541,73.917427,105.31152,21.812191,20.778859,6.1900836,17.323756,26.803438,0.25105775,0.24096935,0.075486134,0.19867467,0.29095239,0.12056797,0.11434975,0.036910535,0.094035225,0.13745427,0.78947368,0.23112768,0.65789474,16,16,0.0068276268,max_atoms=38
38,16,all,antonym,all,14,0.015939619,0.01547879,0.0058528924,0.011717588,0.019419551,0.9919941,0.99223036,0.0029508413,0.99024263,0.99412388,169.68227,170.77753,12.705505,157.84849,179.81962,168.34687,169.36251,12.948866,155.8979,178.82988,85.056095,84.285399,13.032193,80.133619,93.591066,29.077965,28.12126,7.7802112,23.390727,33.891935,0.34507076,0.34459888,0.086101567,0.26944377,0.41893244,0.16718308,0.17517896,0.05447829,0.11478041,0.21810824,0.78571429,0.33707146,0.78571429,16,16,0.0080058968,max_atoms=14
38,16,all,association,all,12,0.015525371,0.014442712,0.0039869665,0.013207942,0.017676204,0.99220508,0.99275237,0.0020096519,0.99112207,0.99337403,187.23032,188.24294,13.453146,180.35308,197.97915,185.78855,186.58516,13.611239,178.98553,196.73839,103.47947,101.9095,16.173957,96.552504,113.61043,21.137437,21.878426,6.5885195,14.268297,26.468992,0.20893726,0.21701424,0.068102562,0.16786637,0.27442505,0.10635019,0.11249035,0.023268872,0.097487854,0.11739427,0.75,0.21029894,0.58333333,16,16,0.0077949225,max_atoms=12
38,16,all,counting,all,10,0.019106239,0.021962017,0.0059006065,0.017546117,0.022390649,0.99039679,0.98895803,0.0029738934,0.98874126,0.99118751,167.00685,169.436,9.9925131,161.42856,173.4866,165.41972,167.5095,10.211259,159.67857,172.45572,98.662437,101.51753,27.130823,84.942838,118.13927,24.680102,27.368562,8.2132694,20.031518,30.813314,0.25604865,0.2289011,0.083978106,0.1980807,0.30765184,0.12069568,0.11262034,0.035618999,0.096858983,0.13642913,0.9,0.23933214,0.7,16,16,0.0096032114,max_atoms=10
38,16,all,factual,all,16,0.013803259,0.013572723,0.0031645612,0.011294484,0.015578315,0.9930732,0.99319047,0.0015936717,0.9921802,0.99433671,164.54545,163.79933,8.9979625,159.07964,167.89151,163.40538,162.76008,8.9239085,158.10039,166.97178,86.37846,84.449514,13.149448,75.055415,97.043981,24.061888,25.860287,6.1449347,18.787454,27.975934,0.2833638,0.26884569,0.081592418,0.22849406,0.35030351,0.13182485,0.12490198,0.039641818,0.10106261,0.1593096,0.875,0.27442318,0.8125,15.875,16,0.0069268102,max_atoms=16
38,16,all,multihop,all,12,0.015406196,0.015370846,0.003109685,0.013327852,0.016823798,0.99226586,0.99228483,0.0015669973,0.99155228,0.99331367,168.14119,171.84993,11.905576,156.80453,176.2437,166.8487,170.59222,11.932745,155.22787,175.25436,89.077235,85.804794,16.603089,77.951255,101.14034,25.074781,24.895357,7.3946979,19.389771,30.313077,0.29499385,0.29022434,0.11137279,0.20875118,0.35435061,0.14376919,0.12989196,0.053862659,0.11081331,0.17008366,0.91666667,0.28738018,0.75,16,16,0.0077341314,max_atoms=12
38,16,all,syntactic,all,12,0.014897168,0.011475176,0.0078680837,0.0089500248,0.019528463,0.9925162,0.99424583,0.0039709832,0.99018741,0.99551494,159.84166,158.50973,7.3178394,156.18079,164.58886,158.63469,157.49233,7.0295516,155.48029,162.91587,82.276965,76.050227,21.329535,66.604281,102.42818,23.113962,20.480224,10.626691,16.339023,26.162426,0.27847705,0.27718916,0.087089453,0.20811049,0.35327994,0.12873577,0.1173547,0.042684864,0.092199173,0.16697749,0.83333333,0.27052715,0.83333333,15.833333,16,0.0074838075,max_atoms=12
38,16,chat,all,-2,8,0.012146451,0.01130721,0.0036239606,0.010053471,0.013227835,0.99390675,0.99433023,0.0018246493,0.99336399,0.9949605,169.3661,165.7341,15.337068,157.164,176.72815,168.33533,164.47037,15.26691,156.11676,175.85837,78.737028,78.09432,11.618832,67.924193,84.385307,21.750375,23.187393,7.2911716,15.476449,26.58261,0.27624359,0.29773778,0.083209905,0.20826308,0.33178811,0.13344227,0.1300929,0.033917496,0.10978425,0.16092323,0.625,0.21695111,0.5,15.875,16,0.0060932474,max_atoms=8
38,16,chat,all,-1,8,0.0098078549,0.0088022947,0.0036965771,0.0072066039,0.010295212,0.99508248,0.99558914,0.0018599675,0.99483901,0.99639021,177.97714,174.44338,13.611831,170.97129,181.30721,177.10747,173.62708,13.635853,169.64238,180.66485,64.437918,66.65062,11.004976,54.660733,72.34469,19.718957,19.822187,6.0993662,16.229352,22.400846,0.30400215,0.3229016,0.069337645,0.25667046,0.3629472,0.15303969,0.15319258,0.038763651,0.12817164,0.17025983,0,,0,16,16,0.0049175304,max_atoms=8
38,16,plain,all,-2,30,0.019029367,0.019966334,0.0049291548,0.015276849,0.021810234,0.99043659,0.98996648,0.0024893164,0.98903477,0.99233213,164.41173,161.08053,11.990442,156.09304,172.46407,162.84273,159.4535,11.93725,154.96916,170.49061,93.944555,91.217613,16.134197,83.1489,101.62558,28.931022,30.06149,8.3608993,22.575103,34.165629,0.31880176,0.31511461,0.10548865,0.24452075,0.39822438,0.15179528,0.13792651,0.054004309,0.10884918,0.18751548,0.96666667,0.32566406,0.93333333,15.9,16,0.0095634058,max_atoms=30
38,16,plain,all,-1,30,0.014616619,0.014639616,0.0037871541,0.012152225,0.016316995,0.99266302,0.99265322,0.0019084599,0.99180792,0.99390529,171.66026,170.53027,13.281351,160.31762,179.81962,170.39928,168.83752,13.171947,159.3717,178.64535,96.457762,97.887663,17.857102,81.095841,107.20762,22.370386,22.299987,6.1948745,18.227901,27.553154,0.23693924,0.23084548,0.071624736,0.19557602,0.28639192,0.11190885,0.11007279,0.031734503,0.090773801,0.11974467,1,0.23112768,0.83333333,16,16,0.0073369858,max_atoms=30
38,25,all,all,all,76,0.015817716,0.015147567,0.0053189023,0.012034878,0.019681841,0.99205604,0.99239731,0.0026825841,0.99011016,0.99396431,169.22244,167.98234,13.522445,158.26608,179.11495,167.88625,166.50274,13.53196,156.92686,178.28157,95.079663,93.633943,20.646907,81.045383,107.95555,23.997753,24.19893,8.0783719,18.417854,28.585746,0.26075201,0.25461174,0.092303692,0.19583091,0.34082229,0.11381883,0.099220254,0.045479928,0.079785176,0.15003621,0.89473684,0.23820924,0.73684211,24.776316,24.868421,0.0079439623,max_atoms=73;no_positive_correlation=3
38,25,chat,all,all,16,0.011049394,0.01015988,0.0037459031,0.0086838156,0.012382224,0.99445827,0.99490708,0.0018852219,0.99378957,0.99564861,173.67162,173.48875,14.697287,162.55678,180.4924,172.71532,172.25189,14.701406,161.6319,179.82013,73.85519,72.380109,13.817066,68.134694,80.870865,20.224217,19.429305,6.6514261,15.221855,26.090957,0.27410002,0.28444646,0.074119073,0.19798673,0.33289673,0.12665395,0.12212167,0.039166539,0.098596301,0.15438993,0.5625,0.11595363,0.25,24.25,24.375,0.0055417283,max_atoms=13;no_positive_correlation=3
38,25,plain,all,all,60,0.017089269,0.016370624,0.0049583454,0.013731197,0.020981997,0.99141544,0.99178094,0.0025023897,0.98945341,0.99311067,168.03599,165.32436,13.06626,157.63096,176.5118,166.59849,164.20695,13.031225,156.13359,174.80885,100.73952,99.821543,18.401706,84.794,112.01593,25.00403,25.54713,8.1742632,18.863353,30.468166,0.25719254,0.24710327,0.096812102,0.193281,0.34082229,0.11039613,0.094765293,0.046720007,0.076031057,0.14573015,0.98333333,0.2568584,0.86666667,24.916667,25,0.008584558,max_atoms=60
38,25,all,all,-2,38,0.017829591,0.017802984,0.0055129758,0.013837069,0.021504685,0.99104131,0.99105844,0.002782622,0.98918924,0.99305737,165.45475,161.08053,12.703432,156.48193,174.05875,163.97837,159.43207,12.686124,155.06904,172.94887,95.780433,93.633943,17.693426,84.076317,105.21489,26.719964,26.531828,8.8091323,20.079652,32.723798,0.28726896,0.27612636,0.10048873,0.20837412,0.36355038,0.12507276,0.10958494,0.049466973,0.088416926,0.16036708,0.89473684,0.28691786,0.81578947,24.868421,25,0.0089586894,max_atoms=38
38,25,all,all,-1,38,0.013805841,0.013956815,0.0043173005,0.010884717,0.016290531,0.99307077,0.99299705,0.002174632,0.99182127,0.99454275,172.99013,171.84993,13.420866,164.2979,179.92383,171.79412,170.53522,13.374254,163.43452,178.80487,94.378892,94.608848,23.453037,76.066604,111.17985,21.275543,20.323221,6.2818578,16.73998,26.529988,0.23423505,0.22198188,0.07568304,0.18252445,0.27550005,0.1025649,0.095908777,0.038543764,0.075279298,0.11949208,0.89473684,0.18950062,0.65789474,24.684211,24.736842,0.0069292352,max_atoms=35;no_positive_correlation=3
38,25,all,antonym,all,14,0.016085876,0.015750736,0.0058538959,0.011942357,0.019532397,0.99192038,0.99209335,0.0029514637,0.99018563,0.99401081,169.68227,170.77753,12.705505,157.84849,179.81962,168.33459,169.35063,12.951198,155.88083,178.81273,88.786025,89.481744,13.843315,84.350601,98.287247,28.524622,27.423348,7.9745589,22.79111,33.605659,0.325044,0.33442399,0.08732149,0.25040223,0.39244268,0.14613388,0.15264173,0.055644449,0.093753212,0.19105173,0.92857143,0.26994688,0.78571429,24.928571,24.928571,0.0080796227,max_atoms=13;no_positive_correlation=1
38,25,all,association,all,12,0.015782277,0.0148606,0.0040627103,0.013727248,0.017761424,0.99207553,0.99254188,0.002048053,0.99107908,0.99311255,187.23032,188.24294,13.453146,180.35308,197.97915,185.76468,186.54868,13.615229,178.97124,196.71454,109.18965,108.83218,18.090259,100.0466,121.03711,20.364051,21.485896,6.6839776,14.14415,25.800618,0.19197572,0.20167838,0.066389433,0.15819966,0.24245669,0.088322214,0.091049209,0.025158399,0.081530751,0.10211496,0.83333333,0.17365461,0.58333333,25,25,0.0079244683,max_atoms=12
38,25,all,counting,all,10,0.01946547,0.022280127,0.0061051614,0.017746732,0.022806302,0.99021514,0.98879722,0.0030775409,0.98853107,0.9910863,167.00685,169.436,9.9925131,161.42856,173.4866,165.3902,167.45807,10.224211,159.65354,172.44936,105.29985,107.60083,29.790191,91.461603,127.74411,24.144299,27.067976,8.2892372,19.143178,30.341454,0.23506187,0.21411676,0.079546606,0.18124022,0.28367815,0.098635495,0.096962185,0.032853893,0.076737698,0.11502859,0.9,0.21838848,0.7,24.9,25,0.0097848645,max_atoms=10
38,25,all,factual,all,16,0.013986062,0.013936162,0.0031707633,0.011385709,0.015741825,0.99298114,0.99300748,0.0015968894,0.99209778,0.99429081,164.54545,163.79933,8.9979625,159.07964,167.89151,163.39028,162.74367,8.9240763,158.08294,166.9549,90.791834,88.630375,14.175929,79.634893,100.54439,23.490052,25.686821,6.2625984,18.344809,27.176291,0.26424549,0.25546974,0.081689273,0.20784525,0.32717308,0.1115604,0.10578642,0.039886694,0.079309334,0.14674862,0.9375,0.23769561,0.8125,24.8125,24.9375,0.0070188579,max_atoms=15;no_positive_correlation=1
38,25,all,multihop,all,12,0.015603657,0.015720546,0.0031763277,0.0134902,0.017256707,0.99216631,0.99210858,0.0016006446,0.99133401,0.99323198,168.14119,171.84993,11.905576,156.80453,176.2437,166.83166,170.57234,11.926684,155.21757,175.24847,93.638183,90.19599,18.594652,81.251192,106.35947,24.446842,24.586735,7.5557037,18.919666,29.580419,0.27552878,0.27309316,0.10854133,0.19439884,0.34642125,0.12356996,0.10798896,0.051066867,0.095353171,0.1622363,0.91666667,0.26476357,0.66666667,24.25,24.333333,0.0078336862,max_atoms=11;no_positive_correlation=1
38,25,all,syntactic,all,12,0.015156771,0.011811435,0.0079997735,0.0091143548,0.019941524,0.99238515,0.99407673,0.0040381135,0.98997888,0.99543235,159.84166,158.50973,7.3178394,156.18079,164.58886,158.61399,157.46703,7.0359335,155.46738,162.90695,86.954006,82.24593,23.309346,69.849427,105.40256,22.455833,19.720688,10.707042,15.695418,25.647354,0.25649465,0.23813886,0.085539109,0.19127406,0.34082229,0.10752743,0.087509029,0.041810376,0.073795926,0.14467362,0.83333333,0.25090428,0.83333333,24.75,25,0.0076148493,max_atoms=12
38,25,chat,all,-2,8,0.012264222,0.011454225,0.0036188442,0.010135859,0.013333097,0.9938475,0.99425629,0.0018221708,0.993311,0.99491914,169.3661,165.7341,15.337068,157.164,176.72815,168.32553,164.45859,15.26899,156.10305,175.85392,82.193401,81.695914,11.748262,70.931846,88.952955,21.228233,21.828821,7.2687348,15.141546,26.142372,0.25779883,0.26528409,0.077022187,0.19798673,0.31829692,0.11345572,0.10424712,0.033839251,0.095532934,0.13693674,0.625,0.20133978,0.5,24.875,25,0.0061524993,max_atoms=8
38,25,chat,all,-1,8,0.0098345652,0.0088327229,0.0036876569,0.0072377175,0.010305971,0.99506904,0.99557382,0.0018554973,0.99483357,0.99637458,177.97714,174.44338,13.611831,170.97129,181.30721,177.10512,173.62459,13.636353,169.64154,180.66048,65.516979,67.705129,10.590467,56.3177,73.051506,19.220201,19.204467,6.2979785,15.821691,22.196946,0.29040121,0.3136757,0.072334513,0.24154822,0.35132632,0.13985217,0.14371675,0.04176039,0.11200814,0.15622941,0.5,0.0092209445,0,23.625,23.75,0.0049309572,max_atoms=5;no_positive_correlation=3
38,25,plain,all,-2,30,0.019313689,0.020236701,0.0049792745,0.015428558,0.022167981,0.990293,0.98982993,0.0025151378,0.98885392,0.9922557,164.41173,161.08053,11.990442,156.09304,172.46407,162.81912,159.43207,11.935465,154.95953,170.47397,99.403641,95.783913,17.366516,88.705682,106.28132,28.184425,28.542912,8.7015184,20.993741,33.767894,0.29512766,0.28487346,0.10558504,0.21471352,0.37114168,0.12817063,0.1117704,0.052900394,0.087369257,0.16761355,0.96666667,0.3016727,0.9,24.866667,25,0.0097070067,max_atoms=30
38,25,plain,all,-1,30,0.014864848,0.014867216,0.0038713861,0.012221053,0.016451657,0.99253789,0.99253854,0.0019512181,0.99174006,0.99387068,171.66026,170.53027,13.281351,160.31762,179.81962,170.37786,168.813,13.17094,159.35374,178.63717,102.0754,101.4622,19.58658,84.64595,114.55433,21.823634,21.715073,6.268765,17.909538,27.0939,0.21925741,0.21071461,0.070304798,0.17179596,0.26466399,0.092621624,0.086252546,0.031443274,0.071866967,0.10096105,1,0.21353791,0.83333333,24.966667,25,0.0074621094,max_atoms=30
